fullName,country,politicalGroup,id,nationalPoliticalGroup,twitter
Lars ADAKTUSSON,Sweden,Group of the European People's Party (Christian Democrats),124990,Kristdemokraterna,Ladaktusson
Asim ADEMOV,Bulgaria,Group of the European People's Party (Christian Democrats),189525,Citizens for European Development of Bulgaria,ademovasim
Isabella ADINOLFI,Italy,Europe of Freedom and Direct Democracy Group,124831,Movimento 5 Stelle,Isa_Adinolfi
Marco AFFRONTE,Italy,Group of the Greens/European Free Alliance,124797,Independent,marcoaffronte
Laura AGEA,Italy,Europe of Freedom and Direct Democracy Group,124811,Movimento 5 Stelle,agealaura
John Stuart AGNEW,United Kingdom,Europe of Freedom and Direct Democracy Group,96897,United Kingdom Independence Party,
Clara Eugenia AGUILERA GARCÍA,Spain,Group of the Progressive Alliance of Socialists and Democrats in the European Parliament,125045,Partido Socialista Obrero Español,ClaraAguilera7
Daniela AIUTO,Italy,Europe of Freedom and Direct Democracy Group,124842,Movimento 5 Stelle,DanielaAiuto
Tim AKER,United Kingdom,Europe of Freedom and Direct Democracy Group,99650,United Kingdom Independence Party,Tim_Aker
Marina ALBIOL GUZMÁN,Spain,Confederal Group of the European United Left - Nordic Green Left,125048,Izquierda Unida,MarinaAlbiol
Jan Philipp ALBRECHT,Germany,Group of the Greens/European Free Alliance,96736,Bündnis 90/Die Grünen,JanAlbrecht
Nedzhmi ALI,Bulgaria,Group of the Alliance of Liberals and Democrats for Europe,34250,Movement for Rights and Freedoms,
Michèle ALLIOT-MARIE,France,Group of the European People's Party (Christian Democrats),1179,Les Républicains,MAlliotMarie
Lucy ANDERSON,United Kingdom,Group of the Progressive Alliance of Socialists and Democrats in the European Parliament,124949,Labour Party,LucyAndersonMEP
Martina ANDERSON,United Kingdom,Confederal Group of the European United Left - Nordic Green Left,113959,Sinn Fein,M_AndersonSF
Max ANDERSSON,Sweden,Group of the Greens/European Free Alliance,124994,Miljöpartiet de gröna,MaxAndersson
Eric ANDRIEU,France,Group of the Progressive Alliance of Socialists and Democrats in the European Parliament,113892,Parti socialiste,EricAndrieuEU
Laima Liucija ANDRIKIENĖ,Lithuania,Group of the European People's Party (Christian Democrats),28276,Tėvynės sąjunga-Lietuvos krikščionys demokratai,andrikiene
Nikos ANDROULAKIS,Greece,Group of the Progressive Alliance of Socialists and Democrats in the European Parliament,125110,Panhellenic Socialist Movement - Olive Tree,androulakisnick
Gerolf ANNEMANS,Belgium,Europe of Nations and Freedom Group,124973,Vlaams Belang,gannemans
Maria ARENA,Belgium,Group of the Progressive Alliance of Socialists and Democrats in the European Parliament,124936,Parti Socialiste,Mariearenaps
Pascal ARIMONT,Belgium,Group of the European People's Party (Christian Democrats),24922,Christlich Soziale Partei,pascal_arimont
Marie-Christine ARNAUTU,France,Europe of Nations and Freedom Group,124748,Rassemblement national,MCArnautu
Jonathan ARNOTT,United Kingdom,Europe of Freedom and Direct Democracy Group,124958,United Kingdom Independence Party,JonathanArnott
Jean ARTHUIS,France,Group of the Alliance of Liberals and Democrats for Europe,124773,Union des Démocrates et Indépendants,JeanArthuis
Richard ASHWORTH,United Kingdom,Group of the European People's Party (Christian Democrats),28132,Conservative Party,RichardAshMEP
Francisco ASSIS,Portugal,Group of the Progressive Alliance of Socialists and Democrats in the European Parliament,28307,Partido Socialista,
Janice ATKINSON,United Kingdom,Europe of Nations and Freedom Group,124938,-,Janice4Brexit
Margrete AUKEN,Denmark,Group of the Greens/European Free Alliance,28161,Socialistisk Folkeparti,MargreteAuken
Petras AUŠTREVIČIUS,Lithuania,Group of the Alliance of Liberals and Democrats for Europe,124766,Lietuvos Respublikos liberalų sąjūdis,petras_petras
Inés AYALA SENDER,Spain,Group of the Progressive Alliance of Socialists and Democrats in the European Parliament,28292,Partido Socialista Obrero Español,IAyalaSender
Pilar AYUSO,Spain,Group of the European People's Party (Christian Democrats),4319,Partido Popular,ayuso_pilar
Johannes Cornelis van BAALEN,Netherlands,Group of the Alliance of Liberals and Democrats for Europe,96937,Volkspartij voor Vrijheid en Democratie,hansvanbaalen
Georges BACH,Luxembourg,Group of the European People's Party (Christian Democrats),97293,Parti chrétien social luxembourgeois,
Guillaume BALAS,France,Group of the Progressive Alliance of Socialists and Democrats in the European Parliament,124744,"Génération.s, le mouvement",BalasGuillaume
Zigmantas BALČYTIS,Lithuania,Group of the Progressive Alliance of Socialists and Democrats in the European Parliament,96680,Lietuvos socialdemokratų partija,balcytis
Zoltán BALCZÓ,Hungary,Non-attached Members,96877,Jobbik Magyarországért Mozgalom,
Burkhard BALZ,Germany,Group of the European People's Party (Christian Democrats),96997,Christlich Demokratische Union Deutschlands,burkhardbalz
Nikolay BAREKOV,Bulgaria,European Conservatives and Reformists Group,124871,Reload Bulgaria Party,nbarekov
Amjad BASHIR,United Kingdom,European Conservatives and Reformists Group,124956,Conservative Party,AmjadBashirMEP
Gerard BATTEN,United Kingdom,Europe of Freedom and Direct Democracy Group,28497,United Kingdom Independence Party,GerardBattenMEP
Nicolas BAY,France,Europe of Nations and Freedom Group,124760,Rassemblement national,NicolasBay_
Hugues BAYET,Belgium,Group of the Progressive Alliance of Socialists and Democrats in the European Parliament,125002,Parti Socialiste,huguesbayet
Catherine BEARDER,United Kingdom,Group of the Alliance of Liberals and Democrats for Europe,96955,Liberal Democrats,catherinemep
Beatriz BECERRA BASTERRECHEA,Spain,Group of the Alliance of Liberals and Democrats for Europe,125040,Independiente,beatrizbecerrab
Heinz K. BECKER,Austria,Group of the European People's Party (Christian Democrats),107041,Österreichische Volkspartei,
Tiziana BEGHIN,Italy,Europe of Freedom and Direct Democracy Group,124777,Movimento 5 Stelle,beghin_t
Bas BELDER,Netherlands,European Conservatives and Reformists Group,4507,Staatkundig Gereformeerde Partij,BasBelderMEP
Ivo BELET,Belgium,Group of the European People's Party (Christian Democrats),28257,Christen-Democratisch & Vlaams,IvoBelet
Bendt BENDTSEN,Denmark,Group of the European People's Party (Christian Democrats),96705,Det Konservative Folkeparti,BendtEU
Brando BENIFEI,Italy,Group of the Progressive Alliance of Socialists and Democrats in the European Parliament,124867,Partito Democratico,brandobenifei
Xabier BENITO ZILUAGA,Spain,Confederal Group of the European United Left - Nordic Green Left,135490,PODEMOS,xabierbenito
Monika BEŇOVÁ,Slovakia,Group of the Progressive Alliance of Socialists and Democrats in the European Parliament,23868,SMER-Sociálna demokracia,MonikaFlaBenova
Pervenche BERÈS,France,Group of the Progressive Alliance of Socialists and Democrats in the European Parliament,1985,Parti socialiste,PervencheBeres
Joëlle BERGERON,France,Europe of Freedom and Direct Democracy Group,124740,Sans étiquette,jbergeronmep
Goffredo Maria BETTINI,Italy,Group of the Progressive Alliance of Socialists and Democrats in the European Parliament,124819,Partito Democratico,GoffredoBettini
Izaskun BILBAO BARANDICA,Spain,Group of the Alliance of Liberals and Democrats for Europe,96922,Partido Nacionalista Vasco,IzaskunBilbaoB
Dominique BILDE,France,Europe of Nations and Freedom Group,124771,Rassemblement national,DominiqueBilde
Mara BIZZOTTO,Italy,Europe of Nations and Freedom Group,97198,Lega Nord,marabizzotto
Malin BJÖRK,Sweden,Confederal Group of the European United Left - Nordic Green Left,124992,Vänsterpartiet,MalinBjork_EU
José BLANCO LÓPEZ,Spain,Group of the Progressive Alliance of Socialists and Democrats in the European Parliament,125044,Partido Socialista Obrero Español,pepeblancoEP
Vilija BLINKEVIČIŪTĖ,Lithuania,Group of the Progressive Alliance of Socialists and Democrats in the European Parliament,96681,Lietuvos socialdemokratų partija,
Andrea BOCSKOR,Hungary,Group of the European People's Party (Christian Democrats),124712,Fidesz-Magyar Polgári Szövetség-Kereszténydemokrata Néppárt,
Reimer BÖGE,Germany,Group of the European People's Party (Christian Democrats),1037,Christlich Demokratische Union Deutschlands,
Franc BOGOVIČ,Slovenia,Group of the European People's Party (Christian Democrats),125004,Slovenska ljudska stranka,Franc_Bogovic
Simona BONAFÈ,Italy,Group of the Progressive Alliance of Socialists and Democrats in the European Parliament,124814,Partito Democratico,simonabonafe
Michał BONI,Poland,Group of the European People's Party (Christian Democrats),124896,Platforma Obywatelska,MichalBoni
Mario BORGHEZIO,Italy,Europe of Nations and Freedom Group,21817,Lega Nord,porchezio
David BORRELLI,Italy,Non-attached Members,124796,Movimento 5 Stelle,borrellidavid
Biljana BORZAN,Croatia,Group of the Progressive Alliance of Socialists and Democrats in the European Parliament,112748,Socijaldemokratska partija Hrvatske,BiljanaBorzan
Victor BOŞTINARU,Romania,Group of the Progressive Alliance of Socialists and Democrats in the European Parliament,39711,Partidul Social Democrat,victorbostinaru
Louise BOURS,United Kingdom,Europe of Freedom and Direct Democracy Group,124964,United Kingdom Independence Party,LvNistelrooij
Marie-Christine BOUTONNET,France,Europe of Nations and Freedom Group,124753,Rassemblement national,mcboutonnetfn
José BOVÉ,France,Group of the Greens/European Free Alliance,96744,Europe Écologie,josebove
Lynn BOYLAN,Ireland,Confederal Group of the European United Left - Nordic Green Left,124984,Sinn Féin,LNBDublin
Paul BRANNEN,United Kingdom,Group of the Progressive Alliance of Socialists and Democrats in the European Parliament,124954,Labour Party,PaulBrannenNE
Mercedes BRESSO,Italy,Group of the Progressive Alliance of Socialists and Democrats in the European Parliament,28346,Partito Democratico,mercedesbresso
Renata BRIANO,Italy,Group of the Progressive Alliance of Socialists and Democrats in the European Parliament,124787,Partito Democratico,renatabriano
Steeve BRIOIS,France,Europe of Nations and Freedom Group,124757,Rassemblement national,SteeveBriois
Elmar BROK,Germany,Group of the European People's Party (Christian Democrats),1263,Christlich Demokratische Union Deutschlands,elmarbrok_mep
Klaus BUCHNER,Germany,Group of the Greens/European Free Alliance,124818,Ökologisch-Demokratische Partei,Dr_KlausBuchner
Daniel BUDA,Romania,Group of the European People's Party (Christian Democrats),125012,Partidul Naţional Liberal,MEPDanielBuda
Udo BULLMANN,Germany,Group of the Progressive Alliance of Socialists and Democrats in the European Parliament,4267,Sozialdemokratische Partei Deutschlands,UdoBullmann
Jonathan BULLOCK,United Kingdom,Europe of Freedom and Direct Democracy Group,188733,United Kingdom Independence Party,jonathanmep
Cristian-Silviu BUŞOI,Romania,Group of the European People's Party (Christian Democrats),38420,Partidul Naţional Liberal,
Reinhard BÜTIKOFER,Germany,Group of the Greens/European Free Alliance,96739,Bündnis 90/Die Grünen,bueti
Jerzy BUZEK,Poland,Group of the European People's Party (Christian Democrats),28269,Platforma Obywatelska,JerzyBuzek
Soledad CABEZÓN RUIZ,Spain,Group of the Progressive Alliance of Socialists and Democrats in the European Parliament,125041,Partido Socialista Obrero Español,SoledadCabezon
Alain CADEC,France,Group of the European People's Party (Christian Democrats),96849,Les Républicains,AlainCadec
Enrique CALVET CHAMBON,Spain,Group of the Alliance of Liberals and Democrats for Europe,129407,Independiente,EnriqueCalvet
Wim van de CAMP,Netherlands,Group of the European People's Party (Christian Democrats),96754,Christen Democratisch Appèl,WimvandeCamp
David CAMPBELL BANNERMAN,United Kingdom,European Conservatives and Reformists Group,96912,Conservative Party,DCBMEP
Nicola CAPUTO,Italy,Group of the Progressive Alliance of Socialists and Democrats in the European Parliament,124851,Partito Democratico,NicolaCaputo
Matt CARTHY,Ireland,Confederal Group of the European United Left - Nordic Green Left,124986,Sinn Féin,mattcarthy
James CARVER,United Kingdom,Non-attached Members,124971,Independent,JamesJimCarver
David CASA,Malta,Group of the European People's Party (Christian Democrats),28122,Partit Nazzjonalista,DavidCasaMEP
Daniel CASPARY,Germany,Group of the European People's Party (Christian Democrats),28219,Christlich Demokratische Union Deutschlands,caspary
Fabio Massimo CASTALDO,Italy,Europe of Freedom and Direct Democracy Group,124812,Movimento 5 Stelle,FMCastaldo
Pilar del CASTILLO VERA,Spain,Group of the European People's Party (Christian Democrats),28390,Partido Popular,delcastillop
Jean-Marie CAVADA,France,Group of the Alliance of Liberals and Democrats for Europe,28206,Génération Citoyens,JeanMarieCAVADA
Lorenzo CESA,Italy,Group of the European People's Party (Christian Democrats),28451,Unione di Centro,L_Cesa
Dita CHARANZOVÁ,Czech Republic,Group of the Alliance of Liberals and Democrats for Europe,124708,ANO 2011,charanzova
Aymeric CHAUPRADE,France,Europe of Freedom and Direct Democracy Group,124752,Les Français Libres,a_chauprade
Nessa CHILDERS,Ireland,Group of the Progressive Alliance of Socialists and Democrats in the European Parliament,96603,Independent,NChildersMEP
Caterina CHINNICI,Italy,Group of the Progressive Alliance of Socialists and Democrats in the European Parliament,124861,Partito Democratico,CaterinaChinnic
Nikolaos CHOUNTIS,Greece,Confederal Group of the European United Left - Nordic Green Left,26851,Popular Unity,
Ole CHRISTENSEN,Denmark,Group of the Progressive Alliance of Socialists and Democrats in the European Parliament,28154,Socialdemokratiet,OleEU
Lefteris CHRISTOFOROU,Cyprus,Group of the European People's Party (Christian Democrats),26837,Democratic Rally,LefChristoforou
Kostas CHRYSOGONOS,Greece,Confederal Group of the European United Left - Nordic Green Left,125061,Coalition of the Radical Left,chrysogonos_k
Salvatore CICU,Italy,Group of the European People's Party (Christian Democrats),124854,Forza Italia,SalvoCicu
Angelo CIOCCA,Italy,Europe of Nations and Freedom Group,183793,Lega Nord,angelociocca
Alberto CIRIO,Italy,Group of the European People's Party (Christian Democrats),124772,Forza Italia,Alberto_Cirio
Deirdre CLUNE,Ireland,Group of the European People's Party (Christian Democrats),124988,Fine Gael Party,DeirdreCluneMEP
David COBURN,United Kingdom,Europe of Freedom and Direct Democracy Group,124967,United Kingdom Independence Party,DavidCoburnUKip
Carlos COELHO,Portugal,Group of the European People's Party (Christian Democrats),1892,Partido Social Democrata,CarlosCoelhoPE
Sergio Gaetano COFFERATI,Italy,Group of the Progressive Alliance of Socialists and Democrats in the European Parliament,96915,Sinistra Italiana,Cofferati
Birgit COLLIN-LANGEN,Germany,Group of the European People's Party (Christian Democrats),112788,Christlich Demokratische Union Deutschlands,
Jane COLLINS,United Kingdom,Europe of Freedom and Direct Democracy Group,124955,United Kingdom Independence Party,jane_collinsmep
Jacques COLOMBIER,France,Europe of Nations and Freedom Group,191510,Rassemblement national,jcolombierfn
Lara COMI,Italy,Group of the European People's Party (Christian Democrats),96775,Forza Italia,comilara
Anna Maria CORAZZA BILDT,Sweden,Group of the European People's Party (Christian Democrats),96674,Moderaterna,AnnaMariaCB
Richard CORBETT,United Kingdom,Group of the Progressive Alliance of Socialists and Democrats in the European Parliament,2309,Labour Party,RCorbettMEP
Thierry CORNILLET,France,Group of the Alliance of Liberals and Democrats for Europe,4338,Mouvement Radical,tcornillet
Ignazio CORRAO,Italy,Europe of Freedom and Direct Democracy Group,124856,Movimento 5 Stelle,ignaziocorrao
Silvia COSTA,Italy,Group of the Progressive Alliance of Socialists and Democrats in the European Parliament,96917,Partito Democratico,SilviaCostaEU
Javier COUSO PERMUY,Spain,Confederal Group of the European United Left - Nordic Green Left,125997,Izquierda Unida,Caninator
Andrea COZZOLINO,Italy,Group of the Progressive Alliance of Socialists and Democrats in the European Parliament,96880,Partito Democratico,cozzolino62
Michael CRAMER,Germany,Group of the Greens/European Free Alliance,28238,Bündnis 90/Die Grünen,MepMCramer
Andi CRISTEA,Romania,Group of the Progressive Alliance of Socialists and Democrats in the European Parliament,40224,Partidul Social Democrat,andicristeamep
Brian CROWLEY,Ireland,European Conservatives and Reformists Group,2109,Fianna Fáil Party,
Pál CSÁKY,Slovakia,Group of the European People's Party (Christian Democrats),124930,Strana mad'arskej komunity- Magyar Közösség Pártja,csakypal
Ryszard CZARNECKI,Poland,European Conservatives and Reformists Group,28372,Prawo i Sprawiedliwość,r_czarnecki
Edward CZESAK,Poland,European Conservatives and Reformists Group,132925,Prawo i Sprawiedliwość,
Peter van DALEN,Netherlands,European Conservatives and Reformists Group,96809,ChristenUnie,petervdalen
Miriam DALLI,Malta,Group of the Progressive Alliance of Socialists and Democrats in the European Parliament,124970,Partit Laburista,Miriamdalli
Daniel DALTON,United Kingdom,European Conservatives and Reformists Group,35135,Conservative Party,ddalton40
Jakop DALUNDE,Sweden,Group of the Greens/European Free Alliance,183338,Miljöpartiet de gröna,JakopDalunde
Rosa D'AMATO,Italy,Europe of Freedom and Direct Democracy Group,124835,Movimento 5 Stelle,rosadamato634
Seb DANCE,United Kingdom,Group of the Progressive Alliance of Socialists and Democrats in the European Parliament,124952,Labour Party,SebDance
Arnaud DANJEAN,France,Group of the European People's Party (Christian Democrats),96747,Les Républicains,ArnaudDanjean
Nicola DANTI,Italy,Group of the Progressive Alliance of Socialists and Democrats in the European Parliament,124821,Partito Democratico,DantiNicola
Michel DANTIN,France,Group of the European People's Party (Christian Democrats),97296,Les Républicains,MichelDANTIN
William (The Earl of) DARTMOUTH,United Kingdom,Europe of Freedom and Direct Democracy Group,96958,United Kingdom Independence Party,
Rachida DATI,France,Group of the European People's Party (Christian Democrats),72775,Les Républicains,datirachida
Paolo DE CASTRO,Italy,Group of the Progressive Alliance of Socialists and Democrats in the European Parliament,96891,Partito Democratico,paolodecastro
Angélique DELAHAYE,France,Group of the European People's Party (Christian Democrats),124732,Les Républicains,Delahaye_Europe
Andor DELI,Hungary,Group of the European People's Party (Christian Democrats),124714,Fidesz-Magyar Polgári Szövetség-Kereszténydemokrata Néppárt,AndorDeli
Karima DELLI,France,Group of the Greens/European Free Alliance,96868,Europe Écologie,KarimaDelli
Mady DELVAUX,Luxembourg,Group of the Progressive Alliance of Socialists and Democrats in the European Parliament,124776,Parti ouvrier socialiste luxembourgeois,
Mark DEMESMAEKER,Belgium,European Conservatives and Reformists Group,117477,Nieuw-Vlaamse Alliantie,markdemesmaeker
Isabella DE MONTE,Italy,Group of the Progressive Alliance of Socialists and Democrats in the European Parliament,124803,Partito Democratico,IsabellaDeMonte
Gérard DEPREZ,Belgium,Group of the Alliance of Liberals and Democrats for Europe,1473,Mouvement Réformateur,gerardeprez
Albert DESS,Germany,Group of the European People's Party (Christian Democrats),28228,Christlich-Soziale Union in Bayern e.V.,albert_dess
Michael DETJEN,Germany,Group of the Progressive Alliance of Socialists and Democrats in the European Parliament,190799,Sozialdemokratische Partei Deutschlands,michaeldetjen
Tamás DEUTSCH,Hungary,Group of the European People's Party (Christian Democrats),96826,Fidesz-Magyar Polgári Szövetség-Kereszténydemokrata Néppárt,dajcstomi
Nirj DEVA,United Kingdom,European Conservatives and Reformists Group,4556,Conservative Party,NirjDeva
Mircea DIACONU,Romania,Group of the Alliance of Liberals and Democrats for Europe,124805,Independent,M_DiaconuMEP
Agustín DÍAZ DE MERA GARCÍA CONSUEGRA,Spain,Group of the European People's Party (Christian Democrats),28397,Partido Popular,
Geoffroy DIDIER,France,Group of the European People's Party (Christian Democrats),190774,Les Républicains,geoffroydidier
Martina DLABAJOVÁ,Czech Republic,Group of the Alliance of Liberals and Democrats for Europe,124709,ANO 2011,mdlabajova
Diane DODDS,United Kingdom,Non-attached Members,96951,Democratic Unionist Party,DianeDoddsMEP
Jørn DOHRMANN,Denmark,European Conservatives and Reformists Group,124878,Dansk Folkeparti,MEPDohrmann
Herbert DORFMANN,Italy,Group of the European People's Party (Christian Democrats),96787,Südtiroler Volkspartei,HerbertDorfmann
Mireille D'ORNANO,France,Europe of Freedom and Direct Democracy Group,124750,Les Patriotes,mireilledornano
Damian DRĂGHICI,Romania,Group of the Progressive Alliance of Socialists and Democrats in the European Parliament,124786,Independent,damiandraghici
Pascal DURAND,France,Group of the Greens/European Free Alliance,124693,Europe Écologie,PDurandOfficiel
Angel DZHAMBAZKI,Bulgaria,European Conservatives and Reformists Group,124873,VMRO,
Stefan ECK,Germany,Confederal Group of the European United Left - Nordic Green Left,124863,Independent,Stefan_Eck_MEP
Christian EHLER,Germany,Group of the European People's Party (Christian Democrats),28226,Christlich Demokratische Union Deutschlands,
Bas EICKHOUT,Netherlands,Group of the Greens/European Free Alliance,96725,GroenLinks,BasEickhout
André ELISSEN,Netherlands,Europe of Nations and Freedom Group,188445,Partij voor de Vrijheid,andreelissen
Frank ENGEL,Luxembourg,Group of the European People's Party (Christian Democrats),96876,Parti chrétien social luxembourgeois,
Linnéa ENGSTRÖM,Sweden,Group of the Greens/European Free Alliance,128588,Miljöpartiet de gröna,LinneaEngstrom
Georgios EPITIDEIOS,Greece,Non-attached Members,125071,Popular Association – Golden Dawn,epitidgeorgios
Norbert ERDŐS,Hungary,Group of the European People's Party (Christian Democrats),124711,Fidesz-Magyar Polgári Szövetség-Kereszténydemokrata Néppárt,
Cornelia ERNST,Germany,Confederal Group of the European United Left - Nordic Green Left,96852,DIE LINKE.,ErnstCornelia
Ismail ERTUG,Germany,Group of the Progressive Alliance of Socialists and Democrats in the European Parliament,96842,Sozialdemokratische Partei Deutschlands,IsmailErtug
Rosa ESTARÀS FERRAGUT,Spain,Group of the European People's Party (Christian Democrats),96811,Partido Popular,
Bill ETHERIDGE,United Kingdom,Europe of Freedom and Direct Democracy Group,124951,United Kingdom Independence Party,Billukip
Jill EVANS,United Kingdom,Group of the Greens/European Free Alliance,4550,Plaid Cymru - Party of Wales,JillEvansMEP
Eleonora EVI,Italy,Europe of Freedom and Direct Democracy Group,124779,Movimento 5 Stelle,EleonoraEvi
Tanja FAJON,Slovenia,Group of the Progressive Alliance of Socialists and Democrats in the European Parliament,96911,Socialni demokrati,tfajon
Nigel FARAGE,United Kingdom,Europe of Freedom and Direct Democracy Group,4525,United Kingdom Independence Party,Nigel_Farage
José Inácio FARIA,Portugal,Group of the European People's Party (Christian Democrats),125101,Partido da Terra,josefariamep
Fredrick FEDERLEY,Sweden,Group of the Alliance of Liberals and Democrats for Europe,124989,Centerpartiet,federley
Markus FERBER,Germany,Group of the European People's Party (Christian Democrats),1917,Christlich-Soziale Union in Bayern e.V.,MarkusFerber
José Manuel FERNANDES,Portugal,Group of the European People's Party (Christian Democrats),96899,Partido Social Democrata,JMFernandesEU
Jonás FERNÁNDEZ,Spain,Group of the Progressive Alliance of Socialists and Democrats in the European Parliament,125046,Partido Socialista Obrero Español,jonasfernandez
Giuseppe FERRANDINO,Italy,Group of the Progressive Alliance of Socialists and Democrats in the European Parliament,192634,Partito Democratico,giosiferrandino
Laura FERRARA,Italy,Europe of Freedom and Direct Democracy Group,124833,Movimento 5 Stelle,LFerraraM5S
João FERREIRA,Portugal,Confederal Group of the European United Left - Nordic Green Left,96706,Partido Comunista Português,
Raymond FINCH,United Kingdom,Europe of Freedom and Direct Democracy Group,124941,United Kingdom Independence Party,
Santiago FISAS AYXELÀ,Spain,Group of the European People's Party (Christian Democrats),96729,Partido Popular,SantiagoFisas
Raffaele FITTO,Italy,European Conservatives and Reformists Group,4465,Conservatori e Riformisti,RaffaeleFitto
Christofer FJELLNER,Sweden,Group of the European People's Party (Christian Democrats),28126,Moderaterna,Fjellner
John FLACK,United Kingdom,European Conservatives and Reformists Group,188623,Conservative Party,johnflackmep
Luke Ming FLANAGAN,Ireland,Confederal Group of the European United Left - Nordic Green Left,124985,Independent,lukeming
Knut FLECKENSTEIN,Germany,Group of the Progressive Alliance of Socialists and Democrats in the European Parliament,96840,Sozialdemokratische Partei Deutschlands,knufleckenstein
Karl-Heinz FLORENZ,Germany,Group of the European People's Party (Christian Democrats),1038,Christlich Demokratische Union Deutschlands,
Eleonora FORENZA,Italy,Confederal Group of the European United Left - Nordic Green Left,125193,Lista Tsipras-L'Altra Europa,eleonoraforenza
Jacqueline FOSTER,United Kingdom,European Conservatives and Reformists Group,4553,Conservative Party,jfostermep
Anna Elżbieta FOTYGA,Poland,European Conservatives and Reformists Group,28353,Prawo i Sprawiedliwość,
Lampros FOUNTOULIS,Greece,Non-attached Members,125070,Popular Association – Golden Dawn,fountoulislampr
Ashley FOX,United Kingdom,European Conservatives and Reformists Group,96957,Conservative Party,Ashleyfoxmep
Eugen FREUND,Austria,Group of the Progressive Alliance of Socialists and Democrats in the European Parliament,125018,Sozialdemokratische Partei Österreichs,EugenAFreund
Doru-Claudian FRUNZULICĂ,Romania,Group of the Progressive Alliance of Socialists and Democrats in the European Parliament,124790,Partidul Social Democrat,dorufrunzulica
Aleksander GABELIC,Sweden,Group of the Progressive Alliance of Socialists and Democrats in the European Parliament,192465,Arbetarepartiet- Socialdemokraterna,AGabelic
Michael GAHLER,Germany,Group of the European People's Party (Christian Democrats),2341,Christlich Demokratische Union Deutschlands,michaelgahler
Kinga GÁL,Hungary,Group of the European People's Party (Christian Democrats),28150,Fidesz-Magyar Polgári Szövetség-Kereszténydemokrata Néppárt,
Francesc GAMBÚS,Spain,Group of the European People's Party (Christian Democrats),125006,-,fgambus_eu
Iratxe GARCÍA PÉREZ,Spain,Group of the Progressive Alliance of Socialists and Democrats in the European Parliament,28298,Partido Socialista Obrero Español,IratxeGarper
Eider GARDIAZABAL RUBIAL,Spain,Group of the Progressive Alliance of Socialists and Democrats in the European Parliament,96991,Partido Socialista Obrero Español,EGardiazabal
Elisabetta GARDINI,Italy,Group of the European People's Party (Christian Democrats),58758,Forza Italia,EGardini
Enrico GASBARRA,Italy,Group of the Progressive Alliance of Socialists and Democrats in the European Parliament,124817,Partito Democratico,enricogasbarra
Evelyne GEBHARDT,Germany,Group of the Progressive Alliance of Socialists and Democrats in the European Parliament,1913,Sozialdemokratische Partei Deutschlands,egebhardtmdep
Jens GEIER,Germany,Group of the Progressive Alliance of Socialists and Democrats in the European Parliament,96833,Sozialdemokratische Partei Deutschlands,EuropaJens
Elena GENTILE,Italy,Group of the Progressive Alliance of Socialists and Democrats in the European Parliament,124847,Partito Democratico,elena_gentile
Gerben-Jan GERBRANDY,Netherlands,Group of the Alliance of Liberals and Democrats for Europe,96940,Democraten 66,Gerbrandy
Arne GERICKE,Germany,European Conservatives and Reformists Group,124815,Freie Wähler,Arne_Gericke
Lidia Joanna GERINGER de OEDENBERG,Poland,Group of the Progressive Alliance of Socialists and Democrats in the European Parliament,28377,Bezpartyjna,lidiageringer
Sven GIEGOLD,Germany,Group of the Greens/European Free Alliance,96730,Bündnis 90/Die Grünen,sven_giegold
Adam GIEREK,Poland,Group of the Progressive Alliance of Socialists and Democrats in the European Parliament,28379,Unia Pracy,AdamGierek
Jens GIESEKE,Germany,Group of the European People's Party (Christian Democrats),124807,Christlich Demokratische Union Deutschlands,
Neena GILL,United Kingdom,Group of the Progressive Alliance of Socialists and Democrats in the European Parliament,4533,Labour Party,NeenaGmep
Nathan GILL,United Kingdom,Europe of Freedom and Direct Democracy Group,124965,United Kingdom Independence Party,NathanGillMEP
María Teresa GIMÉNEZ BARBAT,Spain,Group of the Alliance of Liberals and Democrats for Europe,135491,-,gimenezbarbat
Julie GIRLING,United Kingdom,Group of the European People's Party (Christian Democrats),96956,Conservative Party,juliegirling
Michela GIUFFRIDA,Italy,Group of the Progressive Alliance of Socialists and Democrats in the European Parliament,124864,Partito Democratico,m_giuffrida
Karine GLOANEC MAURIN,France,Group of the Progressive Alliance of Socialists and Democrats in the European Parliament,193080,Parti socialiste,kgloanecmaurin
Sylvie GODDYN,France,Europe of Nations and Freedom Group,21331,Rassemblement national,Sylvie_Goddyn
Charles GOERENS,Luxembourg,Group of the Alliance of Liberals and Democrats for Europe,840,Parti démocratique,CharlesGoerens
Bruno GOLLNISCH,France,Non-attached Members,1164,Front national,brunogollnisch
Ana GOMES,Portugal,Group of the Progressive Alliance of Socialists and Democrats in the European Parliament,28306,Partido Socialista,AnaGomesMEP
Tania GONZÁLEZ PEÑAS,Spain,Confederal Group of the European United Left - Nordic Green Left,127330,PODEMOS,TaniaGonzalezPs
Esteban GONZÁLEZ PONS,Spain,Group of the European People's Party (Christian Democrats),125027,Partido Popular,gonzalezpons
Beata GOSIEWSKA,Poland,European Conservatives and Reformists Group,124900,Prawo i Sprawiedliwość,beatagosiewska
Marcel de GRAAFF,Netherlands,Europe of Nations and Freedom Group,125025,Partij voor de Vrijheid,MJRLdeGraaff
Giorgos GRAMMATIKAKIS,Greece,Group of the Progressive Alliance of Socialists and Democrats in the European Parliament,125112,The River,grammatikakisg
Luis de GRANDES PASCUAL,Spain,Group of the European People's Party (Christian Democrats),28393,Partido Popular,
Maria GRAPINI,Romania,Group of the Progressive Alliance of Socialists and Democrats in the European Parliament,124785,Partidul Puterii Umaniste,MariaGrapini
Ingeborg GRÄSSLE,Germany,Group of the European People's Party (Christian Democrats),28220,Christlich Demokratische Union Deutschlands,inge_graessle
Karoline GRASWANDER-HAINZ,Austria,Group of the Progressive Alliance of Socialists and Democrats in the European Parliament,133316,Sozialdemokratische Partei Österreichs,graswanderhainz
Nathalie GRIESBECK,France,Group of the Alliance of Liberals and Democrats for Europe,28208,Mouvement Démocrate,Nat_GRIESBECK
Theresa GRIFFIN,United Kingdom,Group of the Progressive Alliance of Socialists and Democrats in the European Parliament,124961,Labour Party,TheresaMEP
Iveta GRIGULE-PĒTERSE,Latvia,Group of the Alliance of Liberals and Democrats for Europe,124745,Zaļo un Zemnieku savienība,IvetaGrigule
Françoise GROSSETÊTE,France,Group of the European People's Party (Christian Democrats),2025,Les Républicains,GrosseteteF
Andrzej GRZYB,Poland,Group of the European People's Party (Christian Democrats),23785,Polskie Stronnictwo Ludowe,GrzybAndrzej
Roberto GUALTIERI,Italy,Group of the Progressive Alliance of Socialists and Democrats in the European Parliament,96892,Partito Democratico,gualtierieurope
Enrique GUERRERO SALOM,Spain,Group of the Progressive Alliance of Socialists and Democrats in the European Parliament,96768,Partido Socialista Obrero Español,
Sylvie GUILLAUME,France,Group of the Progressive Alliance of Socialists and Democrats in the European Parliament,96952,Parti socialiste,sylvieguillaume
Antanas GUOGA,Lithuania,Group of the European People's Party (Christian Democrats),124763,Independent,antanasguoga
Jytte GUTELAND,Sweden,Group of the Progressive Alliance of Socialists and Democrats in the European Parliament,124991,Arbetarepartiet- Socialdemokraterna,JytteGuteland
Sergio GUTIÉRREZ PRIETO,Spain,Group of the Progressive Alliance of Socialists and Democrats in the European Parliament,103488,Partido Socialista Obrero Español,Sergio_GP
András GYÜRK,Hungary,Group of the European People's Party (Christian Democrats),23816,Fidesz-Magyar Polgári Szövetség-Kereszténydemokrata Néppárt,
Takis HADJIGEORGIOU,Cyprus,Confederal Group of the European United Left - Nordic Green Left,96907,Progressive Party of Working People - Left - New Forces,thadjigeorgiou
Jussi HALLA-AHO,Finland,European Conservatives and Reformists Group,124727,Perussuomalaiset,halla_aho
Thomas HÄNDEL,Germany,Confederal Group of the European United Left - Nordic Green Left,96851,DIE LINKE.,thaendel
Daniel HANNAN,United Kingdom,European Conservatives and Reformists Group,4555,Conservative Party,DanielJHannan
Marian HARKIN,Ireland,Group of the Alliance of Liberals and Democrats for Europe,28116,Independent,MarianHarkin
Rebecca HARMS,Germany,Group of the Greens/European Free Alliance,28233,Bündnis 90/Die Grünen,RebHarms
Martin HÄUSLING,Germany,Group of the Greens/European Free Alliance,96752,Bündnis 90/Die Grünen,MartinHaeusling
Heidi HAUTALA,Finland,Group of the Greens/European Free Alliance,2054,Vihreä liitto,HeidiHautala
Brian HAYES,Ireland,Group of the European People's Party (Christian Democrats),118658,Fine Gael Party,brianhayesMEP
Anja HAZEKAMP,Netherlands,Confederal Group of the European United Left - Nordic Green Left,125023,Partij voor de Dieren,anjahazekamp
Anna HEDH,Sweden,Group of the Progressive Alliance of Socialists and Democrats in the European Parliament,28131,Arbetarepartiet- Socialdemokraterna,AnnaHedh
Hans-Olaf HENKEL,Germany,European Conservatives and Reformists Group,124823,Liberal-Conservative Refomists,HansOlafHenkel
Esther HERRANZ GARCÍA,Spain,Group of the European People's Party (Christian Democrats),22418,Partido Popular,
Krzysztof HETMAN,Poland,Group of the European People's Party (Christian Democrats),124895,Polskie Stronnictwo Ludowe,hetman_k
Maria HEUBUCH,Germany,Group of the Greens/European Free Alliance,124848,Bündnis 90/Die Grünen,MariaHeubuch
Nadja HIRSCH,Germany,Group of the Alliance of Liberals and Democrats for Europe,96872,Freie Demokratische Partei,nadjahirsch
Czesław HOC,Poland,European Conservatives and Reformists Group,135540,Prawo i Sprawiedliwość,czeslawhoc
Iris HOFFMANN,Germany,Group of the Progressive Alliance of Socialists and Democrats in the European Parliament,124841,Sozialdemokratische Partei Deutschlands,
Monika HOHLMEIER,Germany,Group of the European People's Party (Christian Democrats),96780,Christlich-Soziale Union in Bayern e.V.,MHohlmeier
Gunnar HÖKMARK,Sweden,Group of the European People's Party (Christian Democrats),28124,Moderaterna,ghokmark
György HÖLVÉNYI,Hungary,Group of the European People's Party (Christian Democrats),124715,Kereszténydemokrata Néppárt,
Mary HONEYBALL,United Kingdom,Group of the Progressive Alliance of Socialists and Democrats in the European Parliament,5846,Labour Party,maryhoneyball
Mike HOOKEM,United Kingdom,Europe of Freedom and Direct Democracy Group,124957,United Kingdom Independence Party,mikehookemmep
Brice HORTEFEUX,France,Group of the European People's Party (Christian Democrats),5565,Les Républicains,BriceHortefeux
John HOWARTH,United Kingdom,Group of the Progressive Alliance of Socialists and Democrats in the European Parliament,188636,Labour Party,johnhowarth1958
Danuta Maria HÜBNER,Poland,Group of the European People's Party (Christian Democrats),96779,Platforma Obywatelska,danutahuebner
Ian HUDGHTON,United Kingdom,Group of the Greens/European Free Alliance,2338,Scottish National Party,hudghtonmepSNP
Jan HUITEMA,Netherlands,Group of the Alliance of Liberals and Democrats for Europe,58789,Volkspartij voor Vrijheid en Democratie,jhuitema
Filiz HYUSMENOVA,Bulgaria,Group of the Alliance of Liberals and Democrats for Europe,34249,Movement for Rights and Freedoms,
Sophia in 't VELD,Netherlands,Group of the Alliance of Liberals and Democrats for Europe,28266,Democraten 66,SophieintVeld
Carlos ITURGAIZ,Spain,Group of the European People's Party (Christian Democrats),28398,Partido Popular,carlositurgaiz
Cătălin Sorin IVAN,Romania,Group of the Progressive Alliance of Socialists and Democrats in the European Parliament,96857,Partidul Social Democrat,catalin_ivan
Robert Jarosław IWASZKIEWICZ,Poland,Europe of Freedom and Direct Democracy Group,124886,Wolność,rj_iwaszkiewicz
Liisa JAAKONSAARI,Finland,Group of the Progressive Alliance of Socialists and Democrats in the European Parliament,96684,Suomen Sosialidemokraattinen Puolue/Finlands Socialdemokratiska Parti,ljaakonsaari
Anneli JÄÄTTEENMÄKI,Finland,Group of the Alliance of Liberals and Democrats for Europe,28314,Suomen Keskusta,jaatteenmaki
Yannick JADOT,France,Group of the Greens/European Free Alliance,96740,Europe Écologie,yjadot
Peter JAHR,Germany,Group of the European People's Party (Christian Democrats),96772,Christlich Demokratische Union Deutschlands,peter_jahr
Ivan JAKOVČIĆ,Croatia,Group of the Alliance of Liberals and Democrats for Europe,124754,Istarski demokratski sabor - Dieta democratica istriana,IvanJakovcic
Jean-François JALKH,France,Europe of Nations and Freedom Group,124770,Rassemblement national,JFJalkh
Diane JAMES,United Kingdom,Non-attached Members,124939,-,DianeUKIP
France JAMET,France,Europe of Nations and Freedom Group,189065,Rassemblement national,francejamet
Lívia JÁRÓKA,Hungary,Group of the European People's Party (Christian Democrats),28141,Fidesz-Magyar Polgári Szövetség-Kereszténydemokrata Néppárt,jarokalivia
Ramón JÁUREGUI ATONDO,Spain,Group of the Progressive Alliance of Socialists and Democrats in the European Parliament,97078,Partido Socialista Obrero Español,RJaureguiA
Benedek JÁVOR,Hungary,Group of the Greens/European Free Alliance,124721,Együtt 2014 - Párbeszéd Magyarországért,javorbenedek
Danuta JAZŁOWIECKA,Poland,Group of the European People's Party (Christian Democrats),96781,Platforma Obywatelska,DJazlowiecka
Petr JEŽEK,Czech Republic,Group of the Alliance of Liberals and Democrats for Europe,124707,Independent,JezekCZ
Teresa JIMÉNEZ-BECERRIL BARRIO,Spain,Group of the European People's Party (Christian Democrats),96806,Partido Popular,TeresaJBecerril
Eva JOLY,France,Group of the Greens/European Free Alliance,96883,Europe Écologie,EvaJoly
Dennis de JONG,Netherlands,Confederal Group of the European United Left - Nordic Green Left,96748,Socialistische Partij,DdJong
Agnes JONGERIUS,Netherlands,Group of the Progressive Alliance of Socialists and Democrats in the European Parliament,125021,Partij van de Arbeid,a_jongerius
Marc JOULAUD,France,Group of the European People's Party (Christian Democrats),124728,Les Républicains,MarcJoulaud
Marek JUREK,Poland,European Conservatives and Reformists Group,124892,Prawica Rzeczypospolitej,marekjurek
Philippe JUVIN,France,Group of the European People's Party (Christian Democrats),96884,Les Républicains,philippejuvin
Karin KADENBACH,Austria,Group of the Progressive Alliance of Socialists and Democrats in the European Parliament,97014,Sozialdemokratische Partei Österreichs,karinkadenbach
Eva KAILI,Greece,Group of the Progressive Alliance of Socialists and Democrats in the European Parliament,125109,Panhellenic Socialist Movement - Olive Tree,EvaKaili
Jarosław KALINOWSKI,Poland,Group of the European People's Party (Christian Democrats),96771,Polskie Stronnictwo Ludowe,
Kaja KALLAS,Estonia,Group of the Alliance of Liberals and Democrats for Europe,124697,Eesti Reformierakond,kajakallas
Sandra KALNIETE,Latvia,Group of the European People's Party (Christian Democrats),96934,"Partija ""VIENOTĪBA""",Kalniete
Syed KAMALL,United Kingdom,European Conservatives and Reformists Group,33569,Conservative Party,SyedKamall
Petra KAMMEREVERT,Germany,Group of the Progressive Alliance of Socialists and Democrats in the European Parliament,96837,Sozialdemokratische Partei Deutschlands,
Barbara KAPPEL,Austria,Europe of Nations and Freedom Group,125024,Freiheitliche Partei Österreichs,b_kappel
Othmar KARAS,Austria,Group of the European People's Party (Christian Democrats),4246,Österreichische Volkspartei,othmar_karas
Rina Ronja KARI,Denmark,Confederal Group of the European United Left - Nordic Green Left,122885,Folkebevægelsen mod EU,rinakari
Sajjad KARIM,United Kingdom,European Conservatives and Reformists Group,28481,Conservative Party,SHKMEP
Krišjānis KARIŅŠ,Latvia,Group of the European People's Party (Christian Democrats),96901,"Partija ""VIENOTĪBA""",krisjaniskarins
Rikke-Louise KARLSSON,Denmark,Non-attached Members,124876,Independent,
Karol KARSKI,Poland,European Conservatives and Reformists Group,124887,Prawo i Sprawiedliwość,profKarski
Elsi KATAINEN,Finland,Group of the Alliance of Liberals and Democrats for Europe,191693,Suomen Keskusta,elsikatainen
Sylvia-Yvonne KAUFMANN,Germany,Group of the Progressive Alliance of Socialists and Democrats in the European Parliament,1849,Sozialdemokratische Partei Deutschlands,KaufmannSylvia
Manolis KEFALOGIANNIS,Greece,Group of the European People's Party (Christian Democrats),125068,Nea Demokratia,M_Kefalogiannis
Tunne KELAM,Estonia,Group of the European People's Party (Christian Democrats),28424,Erakond Isamaa ja Res Publica Liit,
Jan KELLER,Czech Republic,Group of the Progressive Alliance of Socialists and Democrats in the European Parliament,124695,Česká strana sociálně demokratická,kellerhonza
Ska KELLER,Germany,Group of the Greens/European Free Alliance,96734,Bündnis 90/Die Grünen,SkaKeller
Seán KELLY,Ireland,Group of the European People's Party (Christian Democrats),96668,Fine Gael Party,SeanKellyMEP
Wajid KHAN,United Kingdom,Group of the Progressive Alliance of Socialists and Democrats in the European Parliament,188624,Labour Party,wajidkhanmep
Jude KIRTON-DARLING,United Kingdom,Group of the Progressive Alliance of Socialists and Democrats in the European Parliament,124953,Labour Party,Jude_KD
Wolf KLINZ,Germany,Group of the Alliance of Liberals and Democrats for Europe,28244,Freie Demokratische Partei,
Sławomir KŁOSOWSKI,Poland,European Conservatives and Reformists Group,135541,Prawo i Sprawiedliwość,
Dieter-Lebrecht KOCH,Germany,Group of the European People's Party (Christian Democrats),1852,Christlich Demokratische Union Deutschlands,
Jeppe KOFOD,Denmark,Group of the Progressive Alliance of Socialists and Democrats in the European Parliament,124870,Socialdemokratiet,JeppeKofod
Jaromír KOHLÍČEK,Czech Republic,Confederal Group of the European United Left - Nordic Green Left,28331,Komunistická strana Čech a Moravy,KohlicekJaromir
Arndt KOHN,Germany,Group of the Progressive Alliance of Socialists and Democrats in the European Parliament,186884,Sozialdemokratische Partei Deutschlands,arndtkohn
Bernd KÖLMEL,Germany,European Conservatives and Reformists Group,124824,Liberal-Conservative Refomists,Bernd_Koelmel
Kateřina KONEČNÁ,Czech Republic,Confederal Group of the European United Left - Nordic Green Left,23699,Komunistická strana Čech a Moravy,Konecna_K
Ádám KÓSA,Hungary,Group of the European People's Party (Christian Democrats),96829,Fidesz-Magyar Polgári Szövetség-Kereszténydemokrata Néppárt,adamkosamep
Dietmar KÖSTER,Germany,Group of the Progressive Alliance of Socialists and Democrats in the European Parliament,124822,Sozialdemokratische Partei Deutschlands,
Stelios KOULOGLOU,Greece,Confederal Group of the European United Left - Nordic Green Left,130833,Coalition of the Radical Left,SteliosKoul
Peter KOUROUMBASHEV,Bulgaria,Group of the Progressive Alliance of Socialists and Democrats in the European Parliament,124857,-,pkouroumbashev
Béla KOVÁCS,Hungary,Non-attached Members,102887,-,
Andrey KOVATCHEV,Bulgaria,Group of the European People's Party (Christian Democrats),97968,Citizens for European Development of Bulgaria,andreykovatchev
Agnieszka KOZŁOWSKA-RAJEWICZ,Poland,Group of the European People's Party (Christian Democrats),124889,Platforma Obywatelska,AKRajewicz
Zdzisław KRASNODĘBSKI,Poland,European Conservatives and Reformists Group,124891,Bezpartyjny,ZdzKrasnodebski
Constanze KREHL,Germany,Group of the Progressive Alliance of Socialists and Democrats in the European Parliament,1854,Sozialdemokratische Partei Deutschlands,ConstanzeKrehl
Urszula KRUPA,Poland,European Conservatives and Reformists Group,28334,Independent,
Barbara KUDRYCKA,Poland,Group of the European People's Party (Christian Democrats),28284,Platforma Obywatelska,BarbaraKudrycka
Werner KUHN,Germany,Group of the European People's Party (Christian Democrats),96767,Christlich Demokratische Union Deutschlands,WernerKuhnMdEP
Eduard KUKAN,Slovakia,Group of the European People's Party (Christian Democrats),96651,Independent,EduardKukan
Miapetra KUMPULA-NATRI,Finland,Group of the Progressive Alliance of Socialists and Democrats in the European Parliament,124735,Suomen Sosialidemokraattinen Puolue/Finlands Socialdemokratiska Parti,miapetrakumpula
Kostadinka KUNEVA,Greece,Confederal Group of the European United Left - Nordic Green Left,125092,Coalition of the Radical Left,kkuneva
Zbigniew KUŹMIUK,Poland,European Conservatives and Reformists Group,28389,Prawo i Sprawiedliwość,ZbigniewKuzmiuk
Cécile Kashetu KYENGE,Italy,Group of the Progressive Alliance of Socialists and Democrats in the European Parliament,124801,Partito Democratico,ckyenge
Merja KYLLÖNEN,Finland,Confederal Group of the European United Left - Nordic Green Left,124736,Vasemmistoliitto,KyllonenMerja
Miltiadis KYRKOS,Greece,Group of the Progressive Alliance of Socialists and Democrats in the European Parliament,125113,The River,miltos_kyrkos
Georgios KYRTSOS,Greece,Group of the European People's Party (Christian Democrats),125063,Nea Demokratia,GiorgosKyrtsos
Ilhan KYUCHYUK,Bulgaria,Group of the Alliance of Liberals and Democrats for Europe,124866,Movement for Rights and Freedoms,ilhankyuchyuk
Patricia LALONDE,France,Group of the Alliance of Liberals and Democrats for Europe,188254,Union des Démocrates et Indépendants,patricialalond2
Alain LAMASSOURE,France,Group of the European People's Party (Christian Democrats),1204,Indépendant,ALamassoure
Jean LAMBERT,United Kingdom,Group of the Greens/European Free Alliance,4531,Green Party,GreenJeanMEP
Philippe LAMBERTS,Belgium,Group of the Greens/European Free Alliance,96648,Ecologistes Confédérés pour l'Organisation de Luttes Originales,ph_lamberts
Danilo Oscar LANCINI,Italy,Europe of Nations and Freedom Group,192635,Lega Nord,
Bernd LANGE,Germany,Group of the Progressive Alliance of Socialists and Democrats in the European Parliament,1909,Sozialdemokratische Partei Deutschlands,berndlange
Esther de LANGE,Netherlands,Group of the European People's Party (Christian Democrats),38398,Christen Democratisch Appèl,Esther_de_Lange
Werner LANGEN,Germany,Group of the European People's Party (Christian Democrats),1928,Christlich Demokratische Union Deutschlands,langen_werner
Giovanni LA VIA,Italy,Group of the European People's Party (Christian Democrats),96816,Alternativa Popolare,giovannilavia
Jérôme LAVRILLEUX,France,Group of the European People's Party (Christian Democrats),124731,-,lavrilleux_j
Gilles LEBRETON,France,Europe of Nations and Freedom Group,124738,Rassemblement national,Gilles_Lebreton
Christelle LECHEVALIER,France,Europe of Nations and Freedom Group,188718,Rassemblement national,c_lechevalier14
Ryszard Antoni LEGUTKO,Poland,European Conservatives and Reformists Group,96796,Prawo i Sprawiedliwość,
Patrick LE HYARIC,France,Confederal Group of the European United Left - Nordic Green Left,96735,Front de Gauche,PatrickLeHyaric
Jo LEINEN,Germany,Group of the Progressive Alliance of Socialists and Democrats in the European Parliament,4262,Sozialdemokratische Partei Deutschlands,jo_leinen
Jeroen LENAERS,Netherlands,Group of the European People's Party (Christian Democrats),95074,Christen Democratisch Appèl,jeroen_lenaers
Jean-Marie LE PEN,France,Non-attached Members,1023,Front national,lepenjm
Janusz LEWANDOWSKI,Poland,Group of the European People's Party (Christian Democrats),23781,Platforma Obywatelska,J_Lewandowski
Bogusław LIBERADZKI,Poland,Group of the Progressive Alliance of Socialists and Democrats in the European Parliament,23768,Sojusz Lewicy Demokratycznej,BLiberadzki
Peter LIESE,Germany,Group of the European People's Party (Christian Democrats),1927,Christlich Demokratische Union Deutschlands,peterliese
Arne LIETZ,Germany,Group of the Progressive Alliance of Socialists and Democrats in the European Parliament,124839,Sozialdemokratische Partei Deutschlands,ArneLietz
Norbert LINS,Germany,Group of the European People's Party (Christian Democrats),124808,Christlich Demokratische Union Deutschlands,
Barbara LOCHBIHLER,Germany,Group of the Greens/European Free Alliance,96728,Bündnis 90/Die Grünen,blochbihler
Philippe LOISEAU,France,Europe of Nations and Freedom Group,125684,Rassemblement national,ph_loiseau
Morten LØKKEGAARD,Denmark,Group of the Alliance of Liberals and Democrats for Europe,96709,"Venstre, Danmarks Liberale Parti",loekkegaard_mep
Sander LOONES,Belgium,European Conservatives and Reformists Group,128717,Nieuw-Vlaamse Alliantie,SanderLoones
Verónica LOPE FONTAGNÉ,Spain,Group of the European People's Party (Christian Democrats),96765,Partido Popular,
Javi LÓPEZ,Spain,Group of the Progressive Alliance of Socialists and Democrats in the European Parliament,125042,Partit dels Socialistes de Catalunya,fjavilopez
Juan Fernando LÓPEZ AGUILAR,Spain,Group of the Progressive Alliance of Socialists and Democrats in the European Parliament,96812,Partido Socialista Obrero Español,JFLopezAguilar
Paloma LÓPEZ BERMEJO,Spain,Confederal Group of the European United Left - Nordic Green Left,125047,Izquierda Unida,palomalopezB
Antonio LÓPEZ-ISTÚRIZ WHITE,Spain,Group of the European People's Party (Christian Democrats),28399,Partido Popular,TonoEPP
Sabine LÖSING,Germany,Confederal Group of the European United Left - Nordic Green Left,96854,DIE LINKE.,
Bernd LUCKE,Germany,European Conservatives and Reformists Group,124820,Liberal-Conservative Refomists,BerndLucke
Olle LUDVIGSSON,Sweden,Group of the Progressive Alliance of Socialists and Democrats in the European Parliament,96673,Arbetarepartiet- Socialdemokraterna,olleludvigsson
Elżbieta Katarzyna ŁUKACIJEWSKA,Poland,Group of the European People's Party (Christian Democrats),96791,Platforma Obywatelska,elukacijewska
Peter LUNDGREN,Sweden,Europe of Freedom and Direct Democracy Group,124996,Sverigedemokraterna,
Krystyna ŁYBACKA,Poland,Group of the Progressive Alliance of Socialists and Democrats in the European Parliament,124883,Sojusz Lewicy Demokratycznej,KrystynaLybacka
David McALLISTER,Germany,Group of the European People's Party (Christian Democrats),124806,Christlich Demokratische Union Deutschlands,davidmcallister
Linda McAVAN,United Kingdom,Group of the Progressive Alliance of Socialists and Democrats in the European Parliament,2327,Labour Party,LindaMcAvanMEP
Emma McCLARKIN,United Kingdom,European Conservatives and Reformists Group,96919,Conservative Party,EmmaMcClarkin
Mairead McGUINNESS,Ireland,Group of the European People's Party (Christian Democrats),28115,Fine Gael Party,MaireadMcGMEP
Anthea McINTYRE,United Kingdom,European Conservatives and Reformists Group,111011,Conservative Party,anthea_mcintyre
Monica MACOVEI,Romania,European Conservatives and Reformists Group,96824,Independent,MonicaMacovei1
Ivana MALETIĆ,Croatia,Group of the European People's Party (Christian Democrats),119436,Hrvatska demokratska zajednica,MaleticIvana
Svetoslav Hristov MALINOV,Bulgaria,Group of the European People's Party (Christian Democrats),111027,Democrats for Strong Bulgaria,svmalinov
Curzio MALTESE,Italy,Confederal Group of the European United Left - Nordic Green Left,125192,Lista Tsipras-L'Altra Europa,curziomaltesetw
Andrejs MAMIKINS,Latvia,Group of the Progressive Alliance of Socialists and Democrats in the European Parliament,124746,"""Saskaņa"" sociāldemokrātiskā partija",andrejsmamikins
Lukas MANDL,Austria,Group of the European People's Party (Christian Democrats),190713,Österreichische Volkspartei,lukasmandl
Ramona Nicole MĂNESCU,Romania,Group of the European People's Party (Christian Democrats),39717,-,ramonamanescu
Vladimír MAŇKA,Slovakia,Group of the Progressive Alliance of Socialists and Democrats in the European Parliament,28192,SMER-Sociálna demokracia,
Thomas MANN,Germany,Group of the European People's Party (Christian Democrats),1922,Christlich Demokratische Union Deutschlands,thomasmannep
Louis-Joseph MANSCOUR,France,Group of the Progressive Alliance of Socialists and Democrats in the European Parliament,124725,Parti socialiste,LJManscour
Florent MARCELLESI,Spain,Group of the Greens/European Free Alliance,26146,EQUO,fmarcellesi
Notis MARIAS,Greece,European Conservatives and Reformists Group,125069,Greece-The Alternative Road,Notis_Marias
Marian-Jean MARINESCU,Romania,Group of the European People's Party (Christian Democrats),33982,Partidul Naţional Liberal,MarianMarinescu
António MARINHO E PINTO,Portugal,Group of the Alliance of Liberals and Democrats for Europe,124742,Partido Democrático Republicano,marinhopintoeu
David MARTIN,United Kingdom,Group of the Progressive Alliance of Socialists and Democrats in the European Parliament,1403,Labour Party,davidmartinmep
Dominique MARTIN,France,Europe of Nations and Freedom Group,124751,Rassemblement national,DMartinFN
Edouard MARTIN,France,Group of the Progressive Alliance of Socialists and Democrats in the European Parliament,124947,Parti socialiste,edouardmartinEU
Fulvio MARTUSCIELLO,Italy,Group of the European People's Party (Christian Democrats),124828,Forza Italia,fulviomartuscie
Michał MARUSIK,Poland,Europe of Nations and Freedom Group,124894,Kongres Nowej Prawicy,marusikmichal
Jiří MAŠTÁLKA,Czech Republic,Confederal Group of the European United Left - Nordic Green Left,23704,Komunistická strana Čech a Moravy,jirimastalka
Barbara MATERA,Italy,Group of the European People's Party (Christian Democrats),96813,Forza Italia,barbaramateraue
Marisa MATIAS,Portugal,Confederal Group of the European United Left - Nordic Green Left,96820,Bloco de Esquerda,mmatias_
Gabriel MATO,Spain,Group of the European People's Party (Christian Democrats),96936,Partido Popular,GabrielMatoA
Rupert MATTHEWS,United Kingdom,European Conservatives and Reformists Group,188622,Conservative Party,rmatthewsmep
Stefano MAULLU,Italy,Group of the European People's Party (Christian Democrats),133326,Forza Italia,stefanomaullu
Emmanuel MAUREL,France,Group of the Progressive Alliance of Socialists and Democrats in the European Parliament,24505,Parti socialiste,emmanuelmaurel
Costas MAVRIDES,Cyprus,Group of the Progressive Alliance of Socialists and Democrats in the European Parliament,124691,Democratic Party,cmavrides
Eva MAYDELL,Bulgaria,Group of the European People's Party (Christian Democrats),98341,Citizens for European Development of Bulgaria,EvaMaydell
Georg MAYER,Austria,Europe of Nations and Freedom Group,38511,Freiheitliche Partei Österreichs,georgmayermep
Alex MAYER,United Kingdom,Group of the Progressive Alliance of Socialists and Democrats in the European Parliament,185637,Labour Party,alexlmayer
Valentinas MAZURONIS,Lithuania,Group of the Alliance of Liberals and Democrats for Europe,124768,Independent,valentinasmazu1
Gesine MEISSNER,Germany,Group of the Alliance of Liberals and Democrats for Europe,96870,Freie Demokratische Partei,gesine_meissner
Joëlle MÉLIN,France,Europe of Nations and Freedom Group,124765,Rassemblement national,JoelleMelinFN
Susanne MELIOR,Germany,Group of the Progressive Alliance of Socialists and Democrats in the European Parliament,124838,Sozialdemokratische Partei Deutschlands,
Nuno MELO,Portugal,Group of the European People's Party (Christian Democrats),96978,Partido Popular,
Morten MESSERSCHMIDT,Denmark,European Conservatives and Reformists Group,96663,Dansk Folkeparti,MrMesserschmidt
Tamás MESZERICS,Hungary,Group of the Greens/European Free Alliance,124720,Lehet Más A Politika,MeszericsT
Roberta METSOLA,Malta,Group of the European People's Party (Christian Democrats),118859,Partit Nazzjonalista,RobertaMetsola
Jörg MEUTHEN,Germany,Europe of Freedom and Direct Democracy Group,190518,Alternative für Deutschland,joerg_meuthen
Louis MICHEL,Belgium,Group of the Alliance of Liberals and Democrats for Europe,96670,Mouvement Réformateur,louismichel
Martina MICHELS,Germany,Confederal Group of the European United Left - Nordic Green Left,120478,DIE LINKE.,martina_michels
Iskra MIHAYLOVA,Bulgaria,Group of the Alliance of Liberals and Democrats for Europe,125128,Movement for Rights and Freedoms,iskra_mihaylova
Miroslav MIKOLÁŠIK,Slovakia,Group of the European People's Party (Christian Democrats),28178,Kresťanskodemokratické hnutie,miromikolasik
Francisco José MILLÁN MON,Spain,Group of the European People's Party (Christian Democrats),28400,Partido Popular,
Matthijs van MILTENBURG,Netherlands,Group of the Alliance of Liberals and Democrats for Europe,125022,Democraten 66,MatthijsvMilt
Anne-Marie MINEUR,Netherlands,Confederal Group of the European United Left - Nordic Green Left,125037,Socialistische Partij,AnneMarieMineur
Ana MIRANDA,Spain,Group of the Greens/European Free Alliance,24942,Bloque Nacionalista Galego,anamirandapaz
Miroslavs MITROFANOVS,Latvia,Group of the Greens/European Free Alliance,191695,Latvijas Krievu savienība,
Marlene MIZZI,Malta,Group of the Progressive Alliance of Socialists and Democrats in the European Parliament,118858,Partit Laburista,MarleneMizzi
Angelika MLINAR,Austria,Group of the Alliance of Liberals and Democrats for Europe,125026,NEOS – Das Neue Österreich,AngelikaMlinar
Baroness Nosheena MOBARIK,United Kingdom,European Conservatives and Reformists Group,189391,Conservative Party,nosheenamobarik
Giulia MOI,Italy,Europe of Freedom and Direct Democracy Group,124859,Movimento 5 Stelle,GiuliaMoi_M5S
Sorin MOISĂ,Romania,Group of the European People's Party (Christian Democrats),124789,Independent,sorinmoisa
Csaba MOLNÁR,Hungary,Group of the Progressive Alliance of Socialists and Democrats in the European Parliament,124722,Demokratikus Koalíció,
Bernard MONOT,France,Europe of Freedom and Direct Democracy Group,124761,Debout la France,Bernard_Monot
Cláudia MONTEIRO DE AGUIAR,Portugal,Group of the European People's Party (Christian Democrats),124734,Partido Social Democrata,cmonteiroaguiar
Sophie MONTEL,France,Europe of Freedom and Direct Democracy Group,124769,Les Patriotes,Sophie_Montel
Clare MOODY,United Kingdom,Group of the Progressive Alliance of Socialists and Democrats in the European Parliament,124944,Labour Party,ClareMoodyMEP
Claude MORAES,United Kingdom,Group of the Progressive Alliance of Socialists and Democrats in the European Parliament,4519,Labour Party,Claude_Moraes
Nadine MORANO,France,Group of the European People's Party (Christian Democrats),72779,Les Républicains,nadine__morano
Luigi MORGANO,Italy,Group of the Progressive Alliance of Socialists and Democrats in the European Parliament,124788,Partito Democratico,luigi_morgano
Elisabeth MORIN-CHARTIER,France,Group of the European People's Party (Christian Democrats),38596,Indépendant,emorinchartier
Krisztina MORVAI,Hungary,Non-attached Members,96661,-,
Alessia Maria MOSCA,Italy,Group of the Progressive Alliance of Socialists and Democrats in the European Parliament,124868,Partito Democratico,alessiamosca
Ulrike MÜLLER,Germany,Group of the Alliance of Liberals and Democrats for Europe,124862,Freie Wähler,UliMuellerMdEP
Siegfried MUREŞAN,Romania,Group of the European People's Party (Christian Democrats),124802,Partidul Naţional Liberal,SMuresan
Renaud MUSELIER,France,Group of the European People's Party (Christian Democrats),124729,Les Républicains,RenaudMuselier
Alessandra MUSSOLINI,Italy,Group of the European People's Party (Christian Democrats),28429,Forza Italia,Ale_Mussolini_
Caroline NAGTEGAAL,Netherlands,Group of the Alliance of Liberals and Democrats for Europe,190519,Volkspartij voor Vrijheid en Democratie,c_nagtegaal
József NAGY,Slovakia,Group of the European People's Party (Christian Democrats),124926,MOST - HÍD,NagyJozsefEU
Javier NART,Spain,Group of the Alliance of Liberals and Democrats for Europe,125005,Ciudadanos – Partido de la Ciudadanía,
Momchil NEKOV,Bulgaria,Group of the Progressive Alliance of Socialists and Democrats in the European Parliament,125013,Bulgarian Socialist Party,MomchilNekov
Norbert NEUSER,Germany,Group of the Progressive Alliance of Socialists and Democrats in the European Parliament,96844,Sozialdemokratische Partei Deutschlands,
Dan NICA,Romania,Group of the Progressive Alliance of Socialists and Democrats in the European Parliament,124784,Partidul Social Democrat,
James NICHOLSON,United Kingdom,European Conservatives and Reformists Group,1318,Ulster Unionist Party,JNicholsonMEP
Norica NICOLAI,Romania,Group of the Alliance of Liberals and Democrats for Europe,96825,ALDE Romania,Norica_Nicolai
Angelika NIEBLER,Germany,Group of the European People's Party (Christian Democrats),4289,Christlich-Soziale Union in Bayern e.V.,ANiebler
Luděk NIEDERMAYER,Czech Republic,Group of the European People's Party (Christian Democrats),124701,TOP 09 a Starostové,LudekNie
Péter NIEDERMÜLLER,Hungary,Group of the Progressive Alliance of Socialists and Democrats in the European Parliament,124723,Demokratikus Koalíció,NiedermullerMEP
Liadh NÍ RIADA,Ireland,Confederal Group of the European United Left - Nordic Green Left,124987,Sinn Féin,LiadhNiRiadaMEP
Lambert van NISTELROOIJ,Netherlands,Group of the European People's Party (Christian Democrats),28165,Christen Democratisch Appèl,lvnistelrooij
Maria NOICHL,Germany,Group of the Progressive Alliance of Socialists and Democrats in the European Parliament,124836,Sozialdemokratische Partei Deutschlands,
Andrey NOVAKOV,Bulgaria,Group of the European People's Party (Christian Democrats),107212,Citizens for European Development of Bulgaria,AndreyNovakov
Paul NUTTALL,United Kingdom,Europe of Freedom and Direct Democracy Group,96805,United Kingdom Independence Party,
Franz OBERMAYR,Austria,Europe of Nations and Freedom Group,96981,Freiheitliche Partei Österreichs,franzobermayr
Patrick O'FLYNN,United Kingdom,Europe of Freedom and Direct Democracy Group,124940,United Kingdom Independence Party,oflynnmep
Jan OLBRYCHT,Poland,Group of the European People's Party (Christian Democrats),28288,Platforma Obywatelska,JanOlbrycht
Younous OMARJEE,France,Confederal Group of the European United Left - Nordic Green Left,30482,L'union pour les Outremer,younousomarjee
Stanisław OŻÓG,Poland,European Conservatives and Reformists Group,124897,Prawo i Sprawiedliwość,biuroposelskie
Artis PABRIKS,Latvia,Group of the European People's Party (Christian Democrats),124743,"Partija ""VIENOTĪBA""",Pabriks
Ivari PADAR,Estonia,Group of the Progressive Alliance of Socialists and Democrats in the European Parliament,97025,Sotsiaaldemokraatlik Erakond,
Urmas PAET,Estonia,Group of the Alliance of Liberals and Democrats for Europe,129073,Eesti Reformierakond,Urmaspaet
Maite PAGAZAURTUNDÚA RUIZ,Spain,Group of the Alliance of Liberals and Democrats for Europe,125038,"Unión, Progreso y Democracia",maitepagaza
Rolandas PAKSAS,Lithuania,Europe of Freedom and Direct Democracy Group,96694,Partija Tvarka ir teisingumas,RolandasPaksas
Rory PALMER,United Kingdom,Group of the Progressive Alliance of Socialists and Democrats in the European Parliament,190099,Labour Party,rory_palmer
Pier Antonio PANZERI,Italy,Group of the Progressive Alliance of Socialists and Democrats in the European Parliament,28365,Articolo UNO – Movimento Democratico e Progressista,AntonioPanzeri
Massimo PAOLUCCI,Italy,Group of the Progressive Alliance of Socialists and Democrats in the European Parliament,124849,Articolo UNO – Movimento Democratico e Progressista,MassimoPaolucc6
Demetris PAPADAKIS,Cyprus,Group of the Progressive Alliance of Socialists and Democrats in the European Parliament,124692,Movement for Social Democracy EDEK,DemPapadakis
Konstantinos PAPADAKIS,Greece,Non-attached Members,125093,Communist Party of Greece,
Dimitrios PAPADIMOULIS,Greece,Confederal Group of the European United Left - Nordic Green Left,28586,Coalition of the Radical Left,papadimoulis
Gilles PARGNEAUX,France,Group of the Progressive Alliance of Socialists and Democrats in the European Parliament,96948,Parti socialiste,gillespargneaux
Margot PARKER,United Kingdom,Europe of Freedom and Direct Democracy Group,124945,United Kingdom Independence Party,MargotLJParker
Ioan Mircea PAŞCU,Romania,Group of the Progressive Alliance of Socialists and Democrats in the European Parliament,33984,Partidul Social Democrat,ioanmirceapascu
Aldo PATRICIELLO,Italy,Group of the European People's Party (Christian Democrats),36392,Forza Italia,PatricielloAldo
Emilian PAVEL,Romania,Group of the Progressive Alliance of Socialists and Democrats in the European Parliament,129256,Partidul Social Democrat,PavelEmilian
Jiří PAYNE,Czech Republic,Europe of Freedom and Direct Democracy Group,189507,Strana svobodných občanů,JTP07
Piernicola PEDICINI,Italy,Europe of Freedom and Direct Democracy Group,124844,Movimento 5 Stelle,PediciniM5S
Vincent PEILLON,France,Group of the Progressive Alliance of Socialists and Democrats in the European Parliament,28166,Parti socialiste,Vincent_Peillon
Alojz PETERLE,Slovenia,Group of the European People's Party (Christian Democrats),23693,Nova Slovenija – Krščanski demokrati,lojzepeterle
Morten Helveg PETERSEN,Denmark,Group of the Alliance of Liberals and Democrats for Europe,124872,Det Radikale Venstre,mortenhelveg
Marijana PETIR,Croatia,Group of the European People's Party (Christian Democrats),124749,Independent,marijana_petir
Florian PHILIPPOT,France,Europe of Freedom and Direct Democracy Group,110977,Les Patriotes,f_philippot
Pina PICIERNO,Italy,Group of the Progressive Alliance of Socialists and Democrats in the European Parliament,124846,Partito Democratico,pinapic
Tonino PICULA,Croatia,Group of the Progressive Alliance of Socialists and Democrats in the European Parliament,112744,Socijaldemokratska partija Hrvatske,TPicula
Bolesław G. PIECHA,Poland,European Conservatives and Reformists Group,124874,Prawo i Sprawiedliwość,
Markus PIEPER,Germany,Group of the European People's Party (Christian Democrats),28224,Christlich Demokratische Union Deutschlands,markuspieperMEP
Sirpa PIETIKÄINEN,Finland,Group of the European People's Party (Christian Democrats),40599,Kansallinen Kokoomus,spietikainen
João PIMENTA LOPES,Portugal,Confederal Group of the European United Left - Nordic Green Left,136236,Partido Comunista Português,jpimentalopes
Mirosław PIOTROWSKI,Poland,European Conservatives and Reformists Group,28341,Niezależny,
Kati PIRI,Netherlands,Group of the Progressive Alliance of Socialists and Democrats in the European Parliament,37229,Partij van de Arbeid,KatiPiri
Georgi PIRINSKI,Bulgaria,Group of the Progressive Alliance of Socialists and Democrats in the European Parliament,124855,Bulgarian Socialist Party,
Julia PITERA,Poland,Group of the European People's Party (Christian Democrats),124898,Platforma Obywatelska,
Marek PLURA,Poland,Group of the European People's Party (Christian Democrats),124881,Platforma Obywatelska,marekplura
Pavel POC,Czech Republic,Group of the Progressive Alliance of Socialists and Democrats in the European Parliament,96715,Česká strana sociálně demokratická,pavelpoc
Miroslav POCHE,Czech Republic,Group of the Progressive Alliance of Socialists and Democrats in the European Parliament,124699,Česká strana sociálně demokratická,PocheMEP
Salvatore Domenico POGLIESE,Italy,Group of the European People's Party (Christian Democrats),124853,Forza Italia,SalvoPogliese
Stanislav POLČÁK,Czech Republic,Group of the European People's Party (Christian Democrats),124704,Starostové a nezávisli,stanislavpolcak
Maurice PONGA,France,Group of the European People's Party (Christian Democrats),96931,Les Républicains,mauriceponga
Răzvan POPA,Romania,Group of the Progressive Alliance of Socialists and Democrats in the European Parliament,189490,Partidul Social Democrat,
Tomasz Piotr PORĘBA,Poland,European Conservatives and Reformists Group,96801,Prawo i Sprawiedliwość,TomaszPoreba
Jiří POSPÍŠIL,Czech Republic,Group of the European People's Party (Christian Democrats),125706,TOP 09 a Starostové,Pospisil_Jiri
Soraya POST,Sweden,Group of the Progressive Alliance of Socialists and Democrats in the European Parliament,124997,Feministiskt initiativ,SorayaPostFi
Cristian Dan PREDA,Romania,Group of the European People's Party (Christian Democrats),96838,Independent,CDPreda
Marcus PRETZELL,Germany,Europe of Nations and Freedom Group,124830,Die blaue Partei,MarcusPretzell
Gabriele PREUSS,Germany,Group of the Progressive Alliance of Socialists and Democrats in the European Parliament,124888,Sozialdemokratische Partei Deutschlands,GabrielePreuss
John PROCTER,United Kingdom,European Conservatives and Reformists Group,185628,Conservative Party,jproctermep
Franck PROUST,France,Group of the European People's Party (Christian Democrats),108080,Les Républicains,franckproust
Carolina PUNSET,Spain,Group of the Alliance of Liberals and Democrats for Europe,90110,Ciudadanos – Partido de la Ciudadanía,CarolinaPunset
Godelieve QUISTHOUDT-ROWOHL,Germany,Group of the European People's Party (Christian Democrats),1055,Christlich Demokratische Union Deutschlands,GQuisthoudt
Emil RADEV,Bulgaria,Group of the European People's Party (Christian Democrats),124850,Citizens for European Development of Bulgaria,Emil_Radev
Jozo RADOŠ,Croatia,Group of the Alliance of Liberals and Democrats for Europe,112753,Građansko-liberalni savez,jozorados
Dennis RADTKE,Germany,Group of the European People's Party (Christian Democrats),188945,Christlich Demokratische Union Deutschlands,radtkemdep
Paulo RANGEL,Portugal,Group of the European People's Party (Christian Democrats),96903,Partido Social Democrata,libertarofuturo
Laurenţiu REBEGA,Romania,European Conservatives and Reformists Group,124792,Independent,laurrebega
Julia REDA,Germany,Group of the Greens/European Free Alliance,124816,Piratenpartei Deutschland,Senficon
Viviane REDING,Luxembourg,Group of the European People's Party (Christian Democrats),1185,Parti chrétien social luxembourgeois,VivianeRedingEU
Evelyn REGNER,Austria,Group of the Progressive Alliance of Socialists and Democrats in the European Parliament,96998,Sozialdemokratische Partei Österreichs,Evelyn_Regner
Julia REID,United Kingdom,Europe of Freedom and Direct Democracy Group,106202,United Kingdom Independence Party,julia_reid
Michel REIMON,Austria,Group of the Greens/European Free Alliance,124935,Die Grünen - Die Grüne Alternative,michelreimon
Terry REINTKE,Germany,Group of the Greens/European Free Alliance,103381,Bündnis 90/Die Grünen,TerryReintke
Christine REVAULT D'ALLONNES BONNEFOY,France,Group of the Progressive Alliance of Socialists and Democrats in the European Parliament,124287,Parti socialiste,cdallonnes
Sofia RIBEIRO,Portugal,Group of the European People's Party (Christian Democrats),124733,Partido Social Democrata,sofiahribeiro
Frédérique RIES,Belgium,Group of the Alliance of Liberals and Democrats for Europe,4253,Mouvement Réformateur,Frederiqueries
Dominique RIQUET,France,Group of the Alliance of Liberals and Democrats for Europe,96885,Mouvement Radical Social-Libéral,DominiqueRiquet
Michèle RIVASI,France,Group of the Greens/European Free Alliance,96743,Europe Écologie,MicheleRivasi
Robert ROCHEFORT,France,Group of the Alliance of Liberals and Democrats for Europe,97022,Mouvement Démocrate,robertrochefort
Liliana RODRIGUES,Portugal,Group of the Progressive Alliance of Socialists and Democrats in the European Parliament,125099,Partido Socialista,lilianamep
Maria João RODRIGUES,Portugal,Group of the Progressive Alliance of Socialists and Democrats in the European Parliament,124737,Partido Socialista,mjrodrigueseu
Inmaculada RODRÍGUEZ-PIÑERO FERNÁNDEZ,Spain,Group of the Progressive Alliance of Socialists and Democrats in the European Parliament,125043,Partido Socialista Obrero Español,RodriguezPinero
Ulrike RODUST,Germany,Group of the Progressive Alliance of Socialists and Democrats in the European Parliament,93624,Sozialdemokratische Partei Deutschlands,UlrikeRodust
Jens ROHDE,Denmark,Group of the Alliance of Liberals and Democrats for Europe,96710,Det Radikale Venstre,rohde_jens
Claude ROLIN,Belgium,Group of the European People's Party (Christian Democrats),125107,Centre Démocrate Humaniste,clauderolin
Bronis ROPĖ,Lithuania,Group of the Greens/European Free Alliance,125214,Lietuvos valstiečių ir žaliųjų sąjunga,bronisropelt
Dariusz ROSATI,Poland,Group of the European People's Party (Christian Democrats),28394,Platforma Obywatelska,DariuszRosati
Virginie ROZIÈRE,France,Group of the Progressive Alliance of Socialists and Democrats in the European Parliament,103845,Les radicaux de Gauche,VRoziere
Fernando RUAS,Portugal,Group of the European People's Party (Christian Democrats),124730,Partido Social Democrata,fernandoruaspe
Paul RÜBIG,Austria,Group of the European People's Party (Christian Democrats),2278,Österreichische Volkspartei,PaulRuebig
Pirkko RUOHONEN-LERNER,Finland,European Conservatives and Reformists Group,132366,Perussuomalaiset,pirkkorl
Tokia SAÏFI,France,Group of the European People's Party (Christian Democrats),4345,Agir - La Droite constructive,TokiaSaifi
Sofia SAKORAFA,Greece,Confederal Group of the European United Left - Nordic Green Left,125091,Independent,SofiaSakorafa
José Ignacio SALAFRANCA SÁNCHEZ-NEYRA,Spain,Group of the European People's Party (Christian Democrats),2002,Partido Popular,
Massimiliano SALINI,Italy,Group of the European People's Party (Christian Democrats),125670,Forza Italia,maxsalini
Lola SÁNCHEZ CALDENTEY,Spain,Confederal Group of the European United Left - Nordic Green Left,125035,PODEMOS,LolaPodemos
Anne SANDER,France,Group of the European People's Party (Christian Democrats),24594,Les Républicains,ASanderMEP
Alfred SANT,Malta,Group of the Progressive Alliance of Socialists and Democrats in the European Parliament,124781,Partit Laburista,SantAlfred
Manuel dos SANTOS,Portugal,Group of the Progressive Alliance of Socialists and Democrats in the European Parliament,21918,Partido Socialista,manuel___santos
Daciana Octavia SÂRBU,Romania,Group of the Progressive Alliance of Socialists and Democrats in the European Parliament,33989,Partidul Social Democrat,DacianaSarbu
Judith SARGENTINI,Netherlands,Group of the Greens/European Free Alliance,96815,GroenLinks,judithineuropa
Petri SARVAMAA,Finland,Group of the European People's Party (Christian Democrats),112611,Kansallinen Kokoomus,petrisarvamaa
Jacek SARYUSZ-WOLSKI,Poland,Non-attached Members,28297,Bezpartyjny,JSaryuszWolski
David-Maria SASSOLI,Italy,Group of the Progressive Alliance of Socialists and Democrats in the European Parliament,96864,Partito Democratico,DavidSassoli
Algirdas SAUDARGAS,Lithuania,Group of the European People's Party (Christian Democrats),96696,Tėvynės sąjunga-Lietuvos krikščionys demokratai,SaudargasA
Marietje SCHAAKE,Netherlands,Group of the Alliance of Liberals and Democrats for Europe,96945,Democraten 66,MarietjeSchaake
Jean-Luc SCHAFFHAUSER,France,Europe of Nations and Freedom Group,124755,Rassemblement bleu Marine,JLSchaffhauser
Christel SCHALDEMOSE,Denmark,Group of the Progressive Alliance of Socialists and Democrats in the European Parliament,37312,Socialdemokratiet,SchaldemoseMEP
Martin SCHIRDEWAN,Germany,Confederal Group of the European United Left - Nordic Green Left,190517,DIE LINKE.,schirdewan
Elly SCHLEIN,Italy,Group of the Progressive Alliance of Socialists and Democrats in the European Parliament,124804,-,ellyesse
Claudia SCHMIDT,Austria,Group of the European People's Party (Christian Democrats),125016,Österreichische Volkspartei,Schmidt_Clau
Helmut SCHOLZ,Germany,Confederal Group of the European United Left - Nordic Green Left,96646,DIE LINKE.,helmutscholzmep
György SCHÖPFLIN,Hungary,Group of the European People's Party (Christian Democrats),28135,Fidesz-Magyar Polgári Szövetség-Kereszténydemokrata Néppárt,schopflinMEP
Annie SCHREIJER-PIERIK,Netherlands,Group of the European People's Party (Christian Democrats),125030,Christen Democratisch Appèl,AnnieSchreijer
Sven SCHULZE,Germany,Group of the European People's Party (Christian Democrats),124809,Christlich Demokratische Union Deutschlands,schulzeeuropa
Joachim SCHUSTER,Germany,Group of the Progressive Alliance of Socialists and Democrats in the European Parliament,124837,Sozialdemokratische Partei Deutschlands,
Andreas SCHWAB,Germany,Group of the European People's Party (Christian Democrats),28223,Christlich Demokratische Union Deutschlands,Andreas_Schwab
Giancarlo SCOTTA',Italy,Europe of Nations and Freedom Group,96996,Lega Nord,
Molly SCOTT CATO,United Kingdom,Group of the Greens/European Free Alliance,124942,Green Party,mollymep
Olga SEHNALOVÁ,Czech Republic,Group of the Progressive Alliance of Socialists and Democrats in the European Parliament,96718,Česká strana sociálně demokratická,OlgaSehnalova
Jasenko SELIMOVIC,Sweden,Group of the Alliance of Liberals and Democrats for Europe,134243,Liberalerna,jasenkos
Maria Lidia SENRA RODRÍGUEZ,Spain,Confederal Group of the European United Left - Nordic Green Left,125049,Alternativa galega de esquerda en Europa,LidiaSenra
Remo SERNAGIOTTO,Italy,European Conservatives and Reformists Group,124794,Conservatori e Riformisti,SernagiottoRemo
Ricardo SERRÃO SANTOS,Portugal,Group of the Progressive Alliance of Socialists and Democrats in the European Parliament,124741,Partido Socialista,rserraosantos
Jill SEYMOUR,United Kingdom,Europe of Freedom and Direct Democracy Group,124950,United Kingdom Independence Party,JSeymourUKIP
Czesław Adam SIEKIERSKI,Poland,Group of the European People's Party (Christian Democrats),23787,Polskie Stronnictwo Ludowe,CzSiekierski
Pedro SILVA PEREIRA,Portugal,Group of the Progressive Alliance of Socialists and Democrats in the European Parliament,124747,Partido Socialista,
Peter SIMON,Germany,Group of the Progressive Alliance of Socialists and Democrats in the European Parliament,96836,Sozialdemokratische Partei Deutschlands,PeterSimonMEP
Siôn SIMON,United Kingdom,Group of the Progressive Alliance of Socialists and Democrats in the European Parliament,124948,Labour Party,sionsimon
Birgit SIPPEL,Germany,Group of the Progressive Alliance of Socialists and Democrats in the European Parliament,96932,Sozialdemokratische Partei Deutschlands,BirgitSippelMEP
Branislav ŠKRIPEK,Slovakia,European Conservatives and Reformists Group,124927,OBYČAJNÍ ĽUDIA,branoskripek
Davor ŠKRLEC,Croatia,Group of the Greens/European Free Alliance,124756,Independent,DavorSkrlec
Alyn SMITH,United Kingdom,Group of the Greens/European Free Alliance,28508,Scottish National Party,AlynSmith
Monika SMOLKOVÁ,Slovakia,Group of the Progressive Alliance of Socialists and Democrats in the European Parliament,96655,SMER-Sociálna demokracia,SmolkovaMonika
Csaba SÓGOR,Romania,Group of the European People's Party (Christian Democrats),39724,Uniunea Democrată Maghiară din România,
Michaela ŠOJDROVÁ,Czech Republic,Group of the European People's Party (Christian Democrats),124710,Křesťanská a demokratická unie - Československá strana lidová,msojdrova
Jordi SOLÉ,Spain,Group of the Greens/European Free Alliance,185974,Esquerra Republicana de Catalunya,jordisolef
Igor ŠOLTES,Slovenia,Group of the Greens/European Free Alliance,125003,Lista dr. Igorja Šoltesa,isoltesEP
Renate SOMMER,Germany,Group of the European People's Party (Christian Democrats),4282,Christlich Demokratische Union Deutschlands,
Martin SONNEBORN,Germany,Non-attached Members,124834,Die PARTEI,MartinSonneborn
Renato SORU,Italy,Group of the Progressive Alliance of Socialists and Democrats in the European Parliament,124860,Partito Democratico,renatosoru
Dobromir SOŚNIERZ,Poland,Non-attached Members,192298,Wolność,d_sosnierz
Barbara SPINELLI,Italy,Confederal Group of the European United Left - Nordic Green Left,124810,Independent,
Maria SPYRAKI,Greece,Group of the European People's Party (Christian Democrats),125064,Nea Demokratia,MariaSpyraki
Bart STAES,Belgium,Group of the Greens/European Free Alliance,4751,Groen,BartStaes
Sergei STANISHEV,Bulgaria,Group of the Progressive Alliance of Socialists and Democrats in the European Parliament,124852,Bulgarian Socialist Party,SergeiStanishev
Joachim STARBATTY,Germany,European Conservatives and Reformists Group,124827,Liberal-Conservative Refomists,JStarbatty
Ivan ŠTEFANEC,Slovakia,Group of the European People's Party (Christian Democrats),124929,Kresťanskodemokratické hnutie,IvanStefanec
Jaromír ŠTĚTINA,Czech Republic,Group of the European People's Party (Christian Democrats),124702,TOP 09 a Starostové,stetinaep
Helga STEVENS,Belgium,European Conservatives and Reformists Group,125105,Nieuw-Vlaamse Alliantie,StevensHelga
Catherine STIHLER,United Kingdom,Group of the Progressive Alliance of Socialists and Democrats in the European Parliament,4545,Labour Party,C_Stihler_MEP
Theodor Dumitru STOLOJAN,Romania,Group of the European People's Party (Christian Democrats),39721,Partidul Naţional Liberal,TheodorStolojan
Olaf STUGER,Netherlands,Europe of Nations and Freedom Group,125028,Partij voor de Vrijheid,OlafStuger
Dubravka ŠUICA,Croatia,Group of the European People's Party (Christian Democrats),119434,Hrvatska demokratska zajednica,dubravkasuica
Richard SULÍK,Slovakia,European Conservatives and Reformists Group,124928,Sloboda a Solidarita,SulikRichard
Patricija ŠULIN,Slovenia,Group of the European People's Party (Christian Democrats),125103,Slovenska demokratska stranka,PatricijaSulin
Pavel SVOBODA,Czech Republic,Group of the European People's Party (Christian Democrats),96272,Křesťanská a demokratická unie - Československá strana lidová,1PavelSvoboda
Kay SWINBURNE,United Kingdom,European Conservatives and Reformists Group,96920,Conservative Party,KaySwinburneMEP
Neoklis SYLIKIOTIS,Cyprus,Confederal Group of the European United Left - Nordic Green Left,124689,Progressive Party of Working People - Left - New Forces,sylikiotis
Eleftherios SYNADINOS,Greece,Non-attached Members,125072,Independent,synadinos_eleft
József SZÁJER,Hungary,Group of the European People's Party (Christian Democrats),23821,Fidesz-Magyar Polgári Szövetség-Kereszténydemokrata Néppárt,
Tibor SZANYI,Hungary,Group of the Progressive Alliance of Socialists and Democrats in the European Parliament,124703,Magyar Szocialista Párt,szanyitibor
Adam SZEJNFELD,Poland,Group of the European People's Party (Christian Democrats),124890,Platforma Obywatelska,szejnfeld
Antonio TAJANI,Italy,Group of the European People's Party (Christian Democrats),2187,Forza Italia,Antonio_Tajani
Dario TAMBURRANO,Italy,Europe of Freedom and Direct Democracy Group,124813,Movimento 5 Stelle,tamburrano
Claudiu Ciprian TĂNĂSESCU,Romania,Group of the Progressive Alliance of Socialists and Democrats in the European Parliament,96847,Partidul Social Democrat,cctanasescu
Paul TANG,Netherlands,Group of the Progressive Alliance of Socialists and Democrats in the European Parliament,125020,Partij van de Arbeid,paultang
Charles TANNOCK,United Kingdom,European Conservatives and Reformists Group,4521,Conservative Party,CharlesTannock
Claudia ȚAPARDEL,Romania,Group of the Progressive Alliance of Socialists and Democrats in the European Parliament,124793,Partidul Social Democrat,ClaudiaTapardel
Marc TARABELLA,Belgium,Group of the Progressive Alliance of Socialists and Democrats in the European Parliament,29579,Parti Socialiste,marctarabella
Indrek TARAND,Estonia,Group of the Greens/European Free Alliance,97136,Sõltumatu,indrektarand
Keith TAYLOR,United Kingdom,Group of the Greens/European Free Alliance,102931,Green Party,greenkeithmep
Pavel TELIČKA,Czech Republic,Group of the Alliance of Liberals and Democrats for Europe,124706,Independent,telicka
Josep-Maria TERRICABRAS,Spain,Group of the Greens/European Free Alliance,124932,Esquerra Republicana de Catalunya,jmterricabras
Eleni THEOCHAROUS,Cyprus,European Conservatives and Reformists Group,25704,Independent,theocharouse
Isabelle THOMAS,France,Group of the Progressive Alliance of Socialists and Democrats in the European Parliament,114279,"Génération.s, le mouvement",isabel_thomaseu
Róża Gräfin von THUN UND HOHENSTEIN,Poland,Group of the European People's Party (Christian Democrats),96776,Platforma Obywatelska,rozathun
Patrizia TOIA,Italy,Group of the Progressive Alliance of Socialists and Democrats in the European Parliament,28340,Partito Democratico,toiapatrizia
László TŐKÉS,Hungary,Group of the European People's Party (Christian Democrats),39726,Fidesz-Magyar Polgári Szövetség-Kereszténydemokrata Néppárt,
Ivica TOLIĆ,Croatia,Group of the European People's Party (Christian Democrats),185340,Hrvatska demokratska zajednica,
Valdemar TOMAŠEVSKI,Lithuania,European Conservatives and Reformists Group,96697,Lietuvos lenkų rinkimų akcija – Krikščioniškų šeimų sąjunga,
Ruža TOMAŠIĆ,Croatia,European Conservatives and Reformists Group,119431,Hrvatska konzervativna stranka,ruzatomasic
Romana TOMC,Slovenia,Group of the European People's Party (Christian Democrats),125104,Slovenska demokratska stranka,romanatomc
Yana TOOM,Estonia,Group of the Alliance of Liberals and Democrats for Europe,124700,Eesti Keskerakond,yanatoom
Estefanía TORRES MARTÍNEZ,Spain,Confederal Group of the European United Left - Nordic Green Left,131749,PODEMOS,etorrespodemos
Nils TORVALDS,Finland,Group of the Alliance of Liberals and Democrats for Europe,114268,Svenska folkpartiet,nilstorvalds
Evžen TOŠENOVSKÝ,Czech Republic,European Conservatives and Reformists Group,96713,Občanská demokratická strana,evzentosenovsky
Ulrike TREBESIUS,Germany,European Conservatives and Reformists Group,124829,Liberal-Conservative Refomists,trebesiusmdep
Ramon TREMOSA i BALCELLS,Spain,Group of the Alliance of Liberals and Democrats for Europe,97203,Partit Demòcrata Europeu i Català,ramontremosa
Mylène TROSZCZYNSKI,France,Europe of Nations and Freedom Group,124758,Rassemblement national,troszczynski_fn
Helga TRÜPEL,Germany,Group of the Greens/European Free Alliance,28240,Bündnis 90/Die Grünen,helgatruepel
Mihai ŢURCANU,Romania,Group of the European People's Party (Christian Democrats),131750,Partidul Naţional Liberal,turcanu2014
Claude TURMES,Luxembourg,Group of the Greens/European Free Alliance,4432,Déi Gréng - Les Verts,claudeturmes
Kazimierz Michał UJAZDOWSKI,Poland,Non-attached Members,23791,Independent,kmujazdowski
István UJHELYI,Hungary,Group of the Progressive Alliance of Socialists and Democrats in the European Parliament,124705,Magyar Szocialista Párt,istvan_ujhelyi
Marita ULVSKOG,Sweden,Group of the Progressive Alliance of Socialists and Democrats in the European Parliament,96672,Arbetarepartiet- Socialdemokraterna,maritaulvskog
Traian UNGUREANU,Romania,Group of the European People's Party (Christian Democrats),96835,Partidul Naţional Liberal,traianungureanu
Miguel URBÁN CRESPO,Spain,Confederal Group of the European United Left - Nordic Green Left,131507,PODEMOS,miguelurban
Ernest URTASUN,Spain,Group of the Greens/European Free Alliance,124972,Iniciativa per Catalunya Verds,ernesturtasun
Vladimir URUTCHEV,Bulgaria,Group of the European People's Party (Christian Democrats),38601,Citizens for European Development of Bulgaria,
Viktor USPASKICH,Lithuania,Group of the Alliance of Liberals and Democrats for Europe,96698,Darbo partija,viktoruspaskich
Inese VAIDERE,Latvia,Group of the European People's Party (Christian Democrats),28617,"Partija ""VIENOTĪBA""",inesevaidere
Ivo VAJGL,Slovenia,Group of the Alliance of Liberals and Democrats for Europe,97019,DeSUS - Demokratična Stranka Upokojencev Slovenije,ivajgl
Ramón Luis VALCÁRCEL SISO,Spain,Group of the European People's Party (Christian Democrats),125032,Partido Popular,rl_valcarcel
Adina-Ioana VĂLEAN,Romania,Group of the European People's Party (Christian Democrats),37324,Partidul Naţional Liberal,adinavalean
Elena VALENCIANO,Spain,Group of the Progressive Alliance of Socialists and Democrats in the European Parliament,4334,Partido Socialista Obrero Español,elenavalenciano
Bodil VALERO,Sweden,Group of the Greens/European Free Alliance,124993,Miljöpartiet de gröna,bodilvalero
Marco VALLI,Italy,Europe of Freedom and Direct Democracy Group,124778,Movimento 5 Stelle,marcovallim5s
Ángela VALLINA,Spain,Confederal Group of the European United Left - Nordic Green Left,125050,Izquierda Xunida,angelavallina
Monika VANA,Austria,Group of the Greens/European Free Alliance,124934,Die Grünen - Die Grüne Alternative,monikavana
Anneleen VAN BOSSUYT,Belgium,European Conservatives and Reformists Group,117491,Nieuw-Vlaamse Alliantie,anneleen_vb
Kathleen VAN BREMPT,Belgium,Group of the Progressive Alliance of Socialists and Democrats in the European Parliament,5729,Socialistische Partij.Anders,kvanbrempt
Tom VANDENKENDELAERE,Belgium,Group of the European People's Party (Christian Democrats),129164,Christen-Democratisch & Vlaams,tomvdkendelaere
Geoffrey VAN ORDEN,United Kingdom,European Conservatives and Reformists Group,4513,Conservative Party,
Derek VAUGHAN,United Kingdom,Group of the Progressive Alliance of Socialists and Democrats in the European Parliament,96918,Labour Party,derekvaughan
Hilde VAUTMANS,Belgium,Group of the Alliance of Liberals and Democrats for Europe,130100,Open Vlaamse Liberalen en Democraten,hildevautmans
Mirja VEHKAPERÄ,Finland,Group of the Alliance of Liberals and Democrats for Europe,193269,NA,mirjavehkapera
Marie-Christine VERGIAT,France,Confederal Group of the European United Left - Nordic Green Left,96858,Front de Gauche,mcvergiat
Sabine VERHEYEN,Germany,Group of the European People's Party (Christian Democrats),96756,Christlich Demokratische Union Deutschlands,sabineverheyen
Guy VERHOFSTADT,Belgium,Group of the Alliance of Liberals and Democrats for Europe,97058,Open Vlaamse Liberalen en Democraten,guyverhofstadt
Miguel VIEGAS,Portugal,Confederal Group of the European United Left - Nordic Green Left,125100,Partido Comunista Português,miguelviegaspcp
Marie-Pierre VIEU,France,Confederal Group of the European United Left - Nordic Green Left,188721,Front de Gauche,mariepierrevieu
Harald VILIMSKY,Austria,Europe of Nations and Freedom Group,125001,Freiheitliche Partei Österreichs,vilimsky
Daniele VIOTTI,Italy,Group of the Progressive Alliance of Socialists and Democrats in the European Parliament,124791,Partito Democratico,danieleviotti
Henna VIRKKUNEN,Finland,Group of the European People's Party (Christian Democrats),124726,Kansallinen Kokoomus,hennavirkkunen
Anders Primdahl VISTISEN,Denmark,European Conservatives and Reformists Group,124875,Dansk Folkeparti,andersvistisen
Udo VOIGT,Germany,Non-attached Members,124832,Nationaldemokratische Partei Deutschlands,udovoigt
Axel VOSS,Germany,Group of the European People's Party (Christian Democrats),96761,Christlich Demokratische Union Deutschlands,axelvossmdep
Elissavet VOZEMBERG-VRIONIDI,Greece,Group of the European People's Party (Christian Democrats),125065,Nea Demokratia,vozemberg
Thomas WAITZ,Austria,Group of the Greens/European Free Alliance,190464,Die Grünen - Die Grüne Alternative,
Jarosław WAŁĘSA,Poland,Group of the European People's Party (Christian Democrats),96774,Platforma Obywatelska,walesamep
Julie WARD,United Kingdom,Group of the Progressive Alliance of Socialists and Democrats in the European Parliament,124963,Labour Party,julie4nw
Manfred WEBER,Germany,Group of the European People's Party (Christian Democrats),28229,Christlich-Soziale Union in Bayern e.V.,manfredweber
Renate WEBER,Romania,Group of the Alliance of Liberals and Democrats for Europe,39713,Independent,renateweber
Josef WEIDENHOLZER,Austria,Group of the Progressive Alliance of Socialists and Democrats in the European Parliament,111014,Sozialdemokratische Partei Österreichs,weidenholzer
Jakob von WEIZSÄCKER,Germany,Group of the Progressive Alliance of Socialists and Democrats in the European Parliament,124840,Sozialdemokratische Partei Deutschlands,jakob_eu
Bogdan Brunon WENTA,Poland,Group of the European People's Party (Christian Democrats),124903,Platforma Obywatelska,
Martina WERNER,Germany,Group of the Progressive Alliance of Socialists and Democrats in the European Parliament,124826,Sozialdemokratische Partei Deutschlands,martinawernereu
Kerstin WESTPHAL,Germany,Group of the Progressive Alliance of Socialists and Democrats in the European Parliament,96839,Sozialdemokratische Partei Deutschlands,westphalkerstin
Rainer WIELAND,Germany,Group of the European People's Party (Christian Democrats),2323,Christlich Demokratische Union Deutschlands,
Lieve WIERINCK,Belgium,Group of the Alliance of Liberals and Democrats for Europe,183022,Open Vlaamse Liberalen en Democraten,lievewierinck
Cecilia WIKSTRÖM,Sweden,Group of the Alliance of Liberals and Democrats for Europe,96677,Liberalerna,ceciliawikstrom
Kristina WINBERG,Sweden,Europe of Freedom and Direct Democracy Group,124995,Sverigedemokraterna,kristinawinberg
Hermann WINKLER,Germany,Group of the European People's Party (Christian Democrats),96764,Christlich Demokratische Union Deutschlands,
Iuliu WINKLER,Romania,Group of the European People's Party (Christian Democrats),39725,Uniunea Democrată Maghiară din România,iuliuwinkler
Jadwiga WIŚNIEWSKA,Poland,European Conservatives and Reformists Group,124877,Prawo i Sprawiedliwość,j_wisniewska
Tiemo WÖLKEN,Germany,Group of the Progressive Alliance of Socialists and Democrats in the European Parliament,185619,Sozialdemokratische Partei Deutschlands,woelken
Steven WOOLFE,United Kingdom,Non-attached Members,124966,Independent,steven_woolfe
Anna ZÁBORSKÁ,Slovakia,Group of the European People's Party (Christian Democrats),23894,Kresťanskodemokratické hnutie,annazaborska
Theodoros ZAGORAKIS,Greece,Group of the European People's Party (Christian Democrats),125067,Nea Demokratia,
Jan ZAHRADIL,Czech Republic,European Conservatives and Reformists Group,23712,Občanská demokratická strana,zahradiljan
Boris ZALA,Slovakia,Group of the Progressive Alliance of Socialists and Democrats in the European Parliament,96656,SMER-Sociálna demokracia,zalaboris
Francis ZAMMIT DIMECH,Malta,Group of the European People's Party (Christian Democrats),188906,Partit Nazzjonalista,franciszd
Marco ZANNI,Italy,Europe of Nations and Freedom Group,124780,Independent,marcozanni86
Flavio ZANONATO,Italy,Group of the Progressive Alliance of Socialists and Democrats in the European Parliament,124800,Articolo UNO – Movimento Democratico e Progressista,flaviozanonato
Sotirios ZARIANOPOULOS,Greece,Non-attached Members,125090,Communist Party of Greece,
Tomáš ZDECHOVSKÝ,Czech Republic,Group of the European People's Party (Christian Democrats),124713,Křesťanská a demokratická unie - Československá strana lidová,tomzdechovsky
Bogdan Andrzej ZDROJEWSKI,Poland,Group of the European People's Party (Christian Democrats),124893,Platforma Obywatelska,bzdrojewski
Joachim ZELLER,Germany,Group of the European People's Party (Christian Democrats),96762,Christlich Demokratische Union Deutschlands,joachimzeller
Janusz ZEMKE,Poland,Group of the Progressive Alliance of Socialists and Democrats in the European Parliament,96784,Sojusz Lewicy Demokratycznej - Unia Pracy,januszzemke
Auke ZIJLSTRA,Netherlands,Europe of Nations and Freedom Group,103246,Partij voor de Vrijheid,
Roberts ZĪLE,Latvia,European Conservatives and Reformists Group,28615,"Nacionālā apvienība ""Visu Latvijai!""-""Tēvzemei un Brīvībai/LNNK""",robertszile
Gabriele ZIMMER,Germany,Confederal Group of the European United Left - Nordic Green Left,28248,DIE LINKE.,gabizimmermep
Jana ŽITŇANSKÁ,Slovakia,European Conservatives and Reformists Group,124901,NOVA,janazitnanska
Kosma ZŁOTOWSKI,Poland,European Conservatives and Reformists Group,124884,Prawo i Sprawiedliwość,kosmazlotowski
Maria Gabriela ZOANĂ,Romania,Group of the Progressive Alliance of Socialists and Democrats in the European Parliament,191377,Partidul Social Democrat,gabriela_zoana
Damiano ZOFFOLI,Italy,Group of the Progressive Alliance of Socialists and Democrats in the European Parliament,131051,Partito Democratico,damianozoffoli
Stanisław ŻÓŁTEK,Poland,Europe of Nations and Freedom Group,124902,Kongres Nowej Prawicy,
Carlos ZORRINHO,Portugal,Group of the Progressive Alliance of Socialists and Democrats in the European Parliament,124739,Partido Socialista,czorrinho
Željana ZOVKO,Croatia,Group of the European People's Party (Christian Democrats),185341,Hrvatska demokratska zajednica,zovkoeu
Marco ZULLO,Italy,Europe of Freedom and Direct Democracy Group,125237,Movimento 5 Stelle,marcozullo
Milan ZVER,Slovenia,Group of the European People's Party (Christian Democrats),96933,Slovenska demokratska stranka,milanzver
Tadeusz ZWIEFKA,Poland,Group of the European People's Party (Christian Democrats),28301,Platforma Obywatelska,tadeuszzwiefka
